candidate_type,risk,suggested_target_id,athletes,countries,result_counts,technical_merge_possible,blocking_reasons,review_note
exact_normalized_name,high,19875,"10057: Lysandrou Kyriaki (GRE, WAG) | 19875: Lysandrou Kyriaki (CYP, WAG)","CYP, GRE",10057:15 | 19875:26,yes,,Same normalized first/last/discipline. Verify country history vs true homonym before merging.
exact_normalized_name,high,16838,"10249: Marshall Madeleine (GBR, WAG) | 16838: Marshall Madeleine (NZL, WAG)","GBR, NZL",10249:13 | 16838:80,yes,,Same normalized first/last/discipline. Verify country history vs true homonym before merging.
exact_normalized_name,high,14346,"10330: Ferguson Maria (USA, WAG) | 14346: Ferguson Maria (TTO, WAG)","TTO, USA",10330:5 | 14346:10,yes,,Same normalized first/last/discipline. Verify country history vs true homonym before merging.
exact_normalized_name,high,7602,"1061: Belousov Gregor (GBR, MAG) | 7602: Belousov Gregor (CZE, MAG)","CZE, GBR",1061:7 | 7602:15,yes,,Same normalized first/last/discipline. Verify country history vs true homonym before merging.
exact_normalized_name,high,14755,"11030: Parenti Sophie (USA, WAG) | 14755: Parenti Sophie (CAN, WAG)","CAN, USA",11030:33 | 14755:55,yes,,Same normalized first/last/discipline. Verify country history vs true homonym before merging.
exact_normalized_name,high,21229,"12557: Yockers Ignacio (USA, MAG) | 21229: Yockers Ignacio (ESP, MAG)","ESP, USA",12557:39 | 21229:42,yes,,Same normalized first/last/discipline. Verify country history vs true homonym before merging.
exact_normalized_name,high,13168,"13168: Abdullah Taimur (GER, MAG) | 15764: Abdullah Taimur (ROU, MAG)","GER, ROU",13168:14 | 15764:5,yes,,Same normalized first/last/discipline. Verify country history vs true homonym before merging.
exact_normalized_name,high,13730,"13730: Andreeva Ekaterina (RUS, WAG) | 19366: Andreeva Ekaterina (BLR, WAG)","BLR, RUS",13730:162 | 19366:37,yes,,Same normalized first/last/discipline. Verify country history vs true homonym before merging.
exact_normalized_name,high,14986,"14986: Karadzhov Alex (USA, MAG) | 20875: Karadzhov Alex (BUL, MAG)","BUL, USA",14986:38 | 20875:25,yes,,Same normalized first/last/discipline. Verify country history vs true homonym before merging.
exact_normalized_name,high,15018,"15018: Gannes Anthony de (CAN, MAG) | 23434: Gannes Anthony de (TTO, MAG)","CAN, TTO",15018:49 | 23434:33,yes,,Same normalized first/last/discipline. Verify country history vs true homonym before merging.
exact_normalized_name,high,15065,"15065: Silva Bernardo (POR, MAG) | 23492: Silva Bernardo (BRA, MAG)","BRA, POR",15065:25 | 23492:9,yes,,Same normalized first/last/discipline. Verify country history vs true homonym before merging.
exact_normalized_name,high,21142,"15232: Murphy Fintan (GBR, MAG) | 21142: Murphy Fintan (IRL, MAG)","GBR, IRL",15232:28 | 21142:51,yes,,Same normalized first/last/discipline. Verify country history vs true homonym before merging.
exact_normalized_name,high,7878,"1540: Rising Kasey (GBR, MAG) | 7878: Rising Kasey (IRL, MAG)","GBR, IRL",1540:28 | 7878:36,yes,,Same normalized first/last/discipline. Verify country history vs true homonym before merging.
exact_normalized_name,high,16447,"16447: Maric Franka (SLO, WAG) | 22352: Maric Franka (CRO, WAG)","CRO, SLO",16447:23 | 22352:7,yes,,Same normalized first/last/discipline. Verify country history vs true homonym before merging.
exact_normalized_name,high,16783,"16783: Clarke-Moss Lily (GBR, WAG) | 19964: Clarke-Moss Lily (IRL, WAG)","GBR, IRL",16783:25 | 19964:20,yes,,Same normalized first/last/discipline. Verify country history vs true homonym before merging.
exact_normalized_name,high,22946,"17026: Pudelko Natalia (USA, WAG) | 22946: Pudelko Natalia (POL, WAG)","POL, USA",17026:40 | 22946:43,yes,,Same normalized first/last/discipline. Verify country history vs true homonym before merging.
exact_normalized_name,high,1714,"1714: Piotte Lilian (FRA, MAG) | 23974: Piotte Lilian (MON, MAG)","FRA, MON",1714:68 | 23974:13,yes,,Same normalized first/last/discipline. Verify country history vs true homonym before merging.
exact_normalized_name,high,17219,"17219: McCoy Sienna (GBR, WAG) | 25963: McCoy Sienna (IRL, WAG)","GBR, IRL",17219:51 | 25963:19,yes,,Same normalized first/last/discipline. Verify country history vs true homonym before merging.
exact_normalized_name,high,26256,"17425: Kopczynski Zofia (BEL, WAG) | 26256: Kopczynski Zofia (LUX, WAG)","BEL, LUX",17425:11 | 26256:17,yes,,Same normalized first/last/discipline. Verify country history vs true homonym before merging.
exact_normalized_name,high,1749,"1749: Racca Loris (FRA, MAG) | 23991: Racca Loris (MON, MAG)","FRA, MON",1749:16 | 23991:7,yes,,Same normalized first/last/discipline. Verify country history vs true homonym before merging.
exact_normalized_name,high,23636,"17797: Ramirez Elijah (GBR, MAG) | 23636: Ramirez Elijah (TTO, MAG)","GBR, TTO",17797:28 | 23636:53,yes,,Same normalized first/last/discipline. Verify country history vs true homonym before merging.
exact_normalized_name,high,21958,"18965: Maksimova Aleksandra (RUS, WAG) | 21958: Maksimova Aleksandra (SYR, WAG)","RUS, SYR",18965:9 | 21958:36,yes,,Same normalized first/last/discipline. Verify country history vs true homonym before merging.
exact_normalized_name,high,24997,"19391: Antone Elisabeth (USA, WAG) | 24997: Antone Elisabeth (PHI, WAG)","PHI, USA",19391:20 | 24997:24,yes,,Same normalized first/last/discipline. Verify country history vs true homonym before merging.
exact_normalized_name,high,15536,"1951: McClymont Matthew (GBR, MAG) | 15536: McClymont Matthew (JAM, MAG)","GBR, JAM",1951:14 | 15536:44,yes,,Same normalized first/last/discipline. Verify country history vs true homonym before merging.
exact_normalized_name,high,19605,"19605: Chrobak Hanna (GER, WAG) | 25148: Chrobak Hanna (POL, WAG)","GER, POL",19605:25 | 25148:23,yes,,Same normalized first/last/discipline. Verify country history vs true homonym before merging.
exact_normalized_name,high,19684,"19684: Donnelly Izabel (GBR, WAG) | 25245: Donnelly Izabel (IRL, WAG)","GBR, IRL",19684:67 | 25245:12,yes,,Same normalized first/last/discipline. Verify country history vs true homonym before merging.
exact_normalized_name,high,8164,"2002: Reid Michael (USA, MAG) | 8164: Reid Michael (JAM, MAG)","JAM, USA",2002:2 | 8164:19,yes,,Same normalized first/last/discipline. Verify country history vs true homonym before merging.
exact_normalized_name,high,20980,"20980: Astorga Benjamin (CAN, MAG) | 23486: Astorga Benjamin (MEX, MAG)","CAN, MEX",20980:12 | 23486:5,yes,,Same normalized first/last/discipline. Verify country history vs true homonym before merging.
exact_normalized_name,high,8209,"2104: Zouhair Nabil (FRA, MAG) | 8209: Zouhair Nabil (MAR, MAG)","FRA, MAR",2104:17 | 8209:84,yes,,Same normalized first/last/discipline. Verify country history vs true homonym before merging.
exact_normalized_name,high,12933,"2141: Garfias Nicolas (CAN, MAG) | 12933: Garfias Nicolas (PER, MAG)","CAN, PER",2141:4 | 12933:39,yes,,Same normalized first/last/discipline. Verify country history vs true homonym before merging.
exact_normalized_name,high,8264,"2188: Bitterli Noah (ROU, MAG) | 8264: Bitterli Noah (SUI, MAG)","ROU, SUI",2188:7 | 8264:72,yes,,Same normalized first/last/discipline. Verify country history vs true homonym before merging.
exact_normalized_name,high,25493,"22715: Barson Lola (GBR, WAG) | 25493: Barson Lola (NZL, WAG)","GBR, NZL",22715:7 | 25493:31,yes,,Same normalized first/last/discipline. Verify country history vs true homonym before merging.
exact_normalized_name,high,27808,"23190: Laverty Soley (GBR, WAG) | 27808: Laverty Soley (IRL, WAG)","GBR, IRL",23190:5 | 27808:15,yes,,Same normalized first/last/discipline. Verify country history vs true homonym before merging.
exact_normalized_name,high,8347,"2373: Dalsgard Rani (FAR, MAG) | 8347: Dalsgard Rani (DEN, MAG)","DEN, FAR",2373:12 | 8347:47,yes,,Same normalized first/last/discipline. Verify country history vs true homonym before merging.
exact_normalized_name,high,27578,"25598: Hradyk Mariia (UKR, WAG) | 27578: Hradyk Mariia (GER, WAG)","GER, UKR",25598:2 | 27578:14,yes,,Same normalized first/last/discipline. Verify country history vs true homonym before merging.
exact_normalized_name,high,3592,"3592: Agba Annabel (GBR, WAG) | 9113: Agba Annabel (NGR, WAG)","GBR, NGR",3592:15 | 9113:15,yes,,Same normalized first/last/discipline. Verify country history vs true homonym before merging.
exact_normalized_name,high,3700,"3700: Ra-Akbar Azaraya (USA, WAG) | 19171: Ra-Akbar Azaraya (CAN, WAG)","CAN, USA",3700:91 | 19171:28,yes,,Same normalized first/last/discipline. Verify country history vs true homonym before merging.
exact_normalized_name,high,7318,"412: Davis Brodie (GBR, MAG) | 7318: Davis Brodie (IRL, MAG)","GBR, IRL",412:7 | 7318:23,yes,,Same normalized first/last/discipline. Verify country history vs true homonym before merging.
exact_normalized_name,high,4157,"4157: Laroui Djenna (FRA, WAG) | 27212: Laroui Djenna (ALG, WAG)","ALG, FRA",4157:222 | 27212:24,yes,,Same normalized first/last/discipline. Verify country history vs true homonym before merging.
exact_normalized_name,high,16287,"4171: Motten Dorien (BEL, WAG) | 16287: Motten Dorien (GEO, WAG)","BEL, GEO",4171:79 | 16287:92,yes,,Same normalized first/last/discipline. Verify country history vs true homonym before merging.
exact_normalized_name,high,9787,"4820: Sikon Isabel (USA, WAG) | 9787: Sikon Isabel (POL, WAG)","POL, USA",4820:5 | 9787:50,yes,,Same normalized first/last/discipline. Verify country history vs true homonym before merging.
exact_normalized_name,high,9929,"5039: Tanskanen Kaia (USA, WAG) | 9929: Tanskanen Kaia (FIN, WAG)","FIN, USA",5039:10 | 9929:156,yes,,Same normalized first/last/discipline. Verify country history vs true homonym before merging.
exact_normalized_name,high,5274,"5274: Nelson Laura (GBR, WAG) | 25413: Nelson Laura (IRL, WAG)","GBR, IRL",5274:72 | 25413:12,yes,,Same normalized first/last/discipline. Verify country history vs true homonym before merging.
exact_normalized_name,high,20009,"5504: Gutierrez Lucia (PHI, WAG) | 20009: Gutierrez Lucia (ESP, WAG)","ESP, PHI",5504:9 | 20009:79,yes,,Same normalized first/last/discipline. Verify country history vs true homonym before merging.
exact_normalized_name,high,5885,"5885: Sak Melek (RUS, WAG) | 5886: Sak Melek (TUR, WAG)","RUS, TUR",5885:15 | 5886:5,yes,,Same normalized first/last/discipline. Verify country history vs true homonym before merging.
exact_normalized_name,high,10599,"6075: O'Shea Niambh (GBR, WAG) | 10599: O'Shea Niambh (IRL, WAG)","GBR, IRL",6075:3 | 10599:19,yes,,Same normalized first/last/discipline. Verify country history vs true homonym before merging.
exact_normalized_name,high,12185,"6852: Soma Ui (USA, WAG) | 12185: Soma Ui (JPN, WAG)","JPN, USA",6852:15 | 12185:54,yes,,Same normalized first/last/discipline. Verify country history vs true homonym before merging.
exact_normalized_name,high,7409,"7409: Roubo Daniel (GER, MAG) | 15129: Roubo Daniel (SWE, MAG)","GER, SWE",7409:10 | 15129:2,yes,,Same normalized first/last/discipline. Verify country history vs true homonym before merging.
exact_normalized_name,high,7471,"757: Bigsby Dominic (GBR, MAG) | 7471: Bigsby Dominic (NZL, MAG)","GBR, NZL",757:11 | 7471:27,yes,,Same normalized first/last/discipline. Verify country history vs true homonym before merging.
exact_normalized_name,high,759,"759: Cunningham Dominick (GBR, MAG) | 15165: Cunningham Dominick (IRL, MAG)","GBR, IRL",759:147 | 15165:109,yes,,Same normalized first/last/discipline. Verify country history vs true homonym before merging.
exact_normalized_name,high,766,"766: Doan Dorian (CAN, MAG) | 23607: Doan Dorian (JAM, MAG)","CAN, JAM",766:129 | 23607:29,yes,,Same normalized first/last/discipline. Verify country history vs true homonym before merging.
exact_normalized_name,high,13362,"8938: Walker Alana (USA, WAG) | 13362: Walker Alana (JAM, WAG)","JAM, USA",8938:15 | 13362:40,yes,,Same normalized first/last/discipline. Verify country history vs true homonym before merging.
exact_normalized_name,high,9300,"9300: Booth Charlotte (USA, WAG) | 22164: Booth Charlotte (GBR, WAG)","GBR, USA",9300:95 | 22164:25,yes,,Same normalized first/last/discipline. Verify country history vs true homonym before merging.
exact_normalized_name,high,9837,"9837: Ochirsukh Javzandolgor (AUT, WAG) | 19707: Ochirsukh Javzandolgor (MGL, WAG)","AUT, MGL",9837:44 | 19707:19,yes,,Same normalized first/last/discipline. Verify country history vs true homonym before merging.
exact_normalized_name,high,9841,"9841: Jimenez Jazmyn (USA, WAG) | 25262: Jimenez Jazmyn (MEX, WAG)","MEX, USA",9841:83 | 25262:30,yes,,Same normalized first/last/discipline. Verify country history vs true homonym before merging.
exact_normalized_name,medium,10006,"10005: Bernhardsgrutter Kim (SUI, WAG) | 10006: Bernhardsgrütter Kim (SUI, WAG)",SUI,10005:5 | 10006:19,yes,,Same normalized first/last/discipline. Verify country history vs true homonym before merging.
exact_normalized_name,medium,10100,"10099: Morissaint Lea (FRA, WAG) | 10100: Morissaint Léa (FRA, WAG)",FRA,10099:4 | 10100:5,yes,,Same normalized first/last/discipline. Verify country history vs true homonym before merging.
exact_normalized_name,medium,10997,"10996: Kivekas Sofia (FIN, WAG) | 10997: Kivekäs Sofia (FIN, WAG)",FIN,10996:5 | 10997:120,yes,,Same normalized first/last/discipline. Verify country history vs true homonym before merging.
exact_normalized_name,medium,1231,"1230: Nunez Isaac (MEX, MAG) | 1231: Nuñez Isaac (MEX, MAG)",MEX,1230:26 | 1231:187,yes,,Same normalized first/last/discipline. Verify country history vs true homonym before merging.
exact_normalized_name,medium,12745,"12745: Sauvé Léandre (CAN, MAG) | 15429: Sauve Leandre (CAN, MAG)",CAN,12745:57 | 15429:44,yes,,Same normalized first/last/discipline. Verify country history vs true homonym before merging.
exact_normalized_name,medium,1402,"1401: Fuglsig Joao (DEN, MAG) | 1402: Fuglsig João (DEN, MAG)",DEN,1401:28 | 1402:43,yes,,Same normalized first/last/discipline. Verify country history vs true homonym before merging.
exact_normalized_name,medium,1405,"1405: Rios Joao (POR, MAG) | 1406: Rios João (POR, MAG)",POR,1405:36 | 1406:32,yes,,Same normalized first/last/discipline. Verify country history vs true homonym before merging.
exact_normalized_name,medium,15151,"15151: Sükrüoglu Deniz (TUR, MAG) | 21072: Sukruoglu Deniz (TUR, MAG)",TUR,15151:45 | 21072:23,yes,,Same normalized first/last/discipline. Verify country history vs true homonym before merging.
exact_normalized_name,medium,15483,"15483: Lechaud Luis (POR, MAG) | 15484: Léchaud Luis (POR, MAG)",POR,15483:83 | 15484:21,yes,,Same normalized first/last/discipline. Verify country history vs true homonym before merging.
exact_normalized_name,medium,15509,"15509: Felicite Manoah (FRA, MAG) | 18286: Félicité Manoah (FRA, MAG)",FRA,15509:78 | 18286:44,yes,,Same normalized first/last/discipline. Verify country history vs true homonym before merging.
exact_normalized_name,medium,15674,"15673: Clerc Remi (FRA, MAG) | 15674: Clerc Rémi (FRA, MAG)",FRA,15673:14 | 15674:32,yes,,Same normalized first/last/discipline. Verify country history vs true homonym before merging.
exact_normalized_name,medium,15784,"15783: Lixon Timeo (FRA, MAG) | 15784: Lixon Timéo (FRA, MAG)",FRA,15783:2 | 15784:35,yes,,Same normalized first/last/discipline. Verify country history vs true homonym before merging.
exact_normalized_name,medium,15815,"15815: Örs Umut (TUR, MAG) | 26940: Ors Umut (TUR, MAG)",TUR,15815:57 | 26940:13,yes,,Same normalized first/last/discipline. Verify country history vs true homonym before merging.
exact_normalized_name,medium,16742,"16742: Theis Lena (BEL, WAG) | 16743: Theis Léna (BEL, WAG)",BEL,16742:10 | 16743:5,yes,,Same normalized first/last/discipline. Verify country history vs true homonym before merging.
exact_normalized_name,medium,17067,"17066: Sailer Noe (AUT, WAG) | 17067: Sailer Noé (AUT, WAG)",AUT,17066:5 | 17067:10,yes,,Same normalized first/last/discipline. Verify country history vs true homonym before merging.
exact_normalized_name,medium,17432,"17431: Seppanen Aarne (FIN, MAG) | 17432: Seppänen Aarne (FIN, MAG)",FIN,17431:12 | 17432:119,yes,,Same normalized first/last/discipline. Verify country history vs true homonym before merging.
exact_normalized_name,medium,17776,"17776: Buchanan-Barrett Donte (GBR, MAG) | 17777: Buchanan-Barrett Dontè (GBR, MAG)",GBR,17776:25 | 17777:7,yes,,Same normalized first/last/discipline. Verify country history vs true homonym before merging.
exact_normalized_name,medium,18084,"18084: Duenas Juan Pablo (MEX, MAG) | 18085: Dueñas Juan Pablo (MEX, MAG)",MEX,18084:25 | 18085:21,yes,,Same normalized first/last/discipline. Verify country history vs true homonym before merging.
exact_normalized_name,medium,19823,"19822: N'Diaye Kelia (FRA, WAG) | 19823: N'Diaye Kélia (FRA, WAG)",FRA,19822:10 | 19823:43,yes,,Same normalized first/last/discipline. Verify country history vs true homonym before merging.
exact_normalized_name,medium,1993,"1993: Öztürk Mert (GER, MAG) | 15553: Ozturk Mert (GER, MAG)",GER,1993:199 | 15553:7,yes,,Same normalized first/last/discipline. Verify country history vs true homonym before merging.
exact_normalized_name,medium,20527,"20526: Palasi Siena (ESP, WAG) | 20527: Palasí Siena (ESP, WAG)",ESP,20526:2 | 20527:44,yes,,Same normalized first/last/discipline. Verify country history vs true homonym before merging.
exact_normalized_name,medium,20624,"20623: Virlogeux Taina (FRA, WAG) | 20624: Virlogeux Taïna (FRA, WAG)",FRA,20623:10 | 20624:48,yes,,Same normalized first/last/discipline. Verify country history vs true homonym before merging.
exact_normalized_name,medium,20907,"20906: Llamas Andre (PAN, MAG) | 20907: Llamas André (PAN, MAG)",PAN,20906:7 | 20907:12,yes,,Same normalized first/last/discipline. Verify country history vs true homonym before merging.
exact_normalized_name,medium,20926,"20926: Gregoire Anthony (CAN, MAG) | 20927: Grégoire Anthony (CAN, MAG)",CAN,20926:14 | 20927:6,yes,,Same normalized first/last/discipline. Verify country history vs true homonym before merging.
exact_normalized_name,medium,21010,"21010: Viallis Celian (FRA, MAG) | 21011: Viallis Célian (FRA, MAG)",FRA,21010:36 | 21011:11,yes,,Same normalized first/last/discipline. Verify country history vs true homonym before merging.
exact_normalized_name,medium,8221,"2110: Cote Napoleon (CAN, MAG) | 8221: Côté Napoléon (CAN, MAG)",CAN,2110:7 | 8221:8,yes,,Same normalized first/last/discipline. Verify country history vs true homonym before merging.
exact_normalized_name,medium,2148,"2148: Mozzato Nicolo (ITA, MAG) | 18421: Mozzato Nicolò (ITA, MAG)",ITA,2148:205 | 18421:56,yes,,Same normalized first/last/discipline. Verify country history vs true homonym before merging.
exact_normalized_name,medium,21588,"21587: Strypstein Noe (BEL, MAG) | 21588: Strypstein Noé (BEL, MAG)",BEL,21587:27 | 21588:76,yes,,Same normalized first/last/discipline. Verify country history vs true homonym before merging.
exact_normalized_name,medium,21943,"21943: Gatuingt-Fabre Ainhoa (FRA, WAG) | 21944: Gatuingt-Fabre Aïnhoa (FRA, WAG)",FRA,21943:29 | 21944:7,yes,,Same normalized first/last/discipline. Verify country history vs true homonym before merging.
exact_normalized_name,medium,222,"222: Assumpcao Angelo (BRA, MAG) | 7236: Assumpção Angelo (BRA, MAG)",BRA,222:16 | 7236:9,yes,,Same normalized first/last/discipline. Verify country history vs true homonym before merging.
exact_normalized_name,medium,22647,"22646: Makasi Leana (BEL, WAG) | 22647: Makasi Léana (BEL, WAG)",BEL,22646:5 | 22647:45,yes,,Same normalized first/last/discipline. Verify country history vs true homonym before merging.
exact_normalized_name,medium,238,"237: Jaaskelainen Anton (FIN, MAG) | 238: Jääskeläinen Anton (FIN, MAG)",FIN,237:7 | 238:98,yes,,Same normalized first/last/discipline. Verify country history vs true homonym before merging.
exact_normalized_name,medium,2400,"2399: Cournoyer Rene (CAN, MAG) | 2400: Cournoyer René (CAN, MAG)",CAN,2399:117 | 2400:264,yes,,Same normalized first/last/discipline. Verify country history vs true homonym before merging.
exact_normalized_name,medium,24803,"24803: Krasniqi Bore (KOS, WAG) | 24804: Krasniqi Borë (KOS, WAG)",KOS,24803:10 | 24804:7,yes,,Same normalized first/last/discipline. Verify country history vs true homonym before merging.
exact_normalized_name,medium,25252,"25252: Haberlin Jana (SUI, WAG) | 25253: Häberlin Jana (SUI, WAG)",SUI,25252:5 | 25253:2,yes,,Same normalized first/last/discipline. Verify country history vs true homonym before merging.
exact_normalized_name,medium,2535,"2534: Said Samir Ait (FRA, MAG) | 2535: Saïd Samir Aït (FRA, MAG)",FRA,2534:10 | 2535:70,yes,,Same normalized first/last/discipline. Verify country history vs true homonym before merging.
exact_normalized_name,medium,2659,"2659: Almeida Simao (POR, MAG) | 2660: Almeida Simão (POR, MAG)",POR,2659:36 | 2660:22,yes,,Same normalized first/last/discipline. Verify country history vs true homonym before merging.
exact_normalized_name,medium,27139,"27138: Kundrat Barbora (SVK, WAG) | 27139: Kundrát Barbora (SVK, WAG)",SVK,27138:5 | 27139:10,yes,,Same normalized first/last/discipline. Verify country history vs true homonym before merging.
exact_normalized_name,medium,27593,"27593: Diaz Martina (ESP, WAG) | 27594: Díaz Martina (ESP, WAG)",ESP,27593:1 | 27594:1,yes,,Same normalized first/last/discipline. Verify country history vs true homonym before merging.
exact_normalized_name,medium,2875,"2875: Samiloglu Umit (TUR, MAG) | 2876: Samiloglu Ümit (TUR, MAG)",TUR,2875:34 | 2876:9,yes,,Same normalized first/last/discipline. Verify country history vs true homonym before merging.
exact_normalized_name,medium,3002,"3002: Emard William (CAN, MAG) | 21872: Émard William (CAN, MAG)",CAN,3002:220 | 21872:102,yes,,Same normalized first/last/discipline. Verify country history vs true homonym before merging.
exact_normalized_name,medium,3095,"3095: Gundogdu Yunus Emre (TUR, MAG) | 3096: Gündogdu Yunus Emre (TUR, MAG)",TUR,3095:16 | 3096:9,yes,,Same normalized first/last/discipline. Verify country history vs true homonym before merging.
exact_normalized_name,medium,366,"366: Bulbul Bilal (TUR, MAG) | 367: Bülbül Bilal (TUR, MAG)",TUR,366:38 | 367:16,yes,,Same normalized first/last/discipline. Verify country history vs true homonym before merging.
exact_normalized_name,medium,3891,"3891: Mordenti Celeste (LUX, WAG) | 24839: Mordenti Céleste (LUX, WAG)",LUX,3891:185 | 24839:74,yes,,Same normalized first/last/discipline. Verify country history vs true homonym before merging.
exact_normalized_name,medium,3965,"3965: Casterot Chloe (FRA, WAG) | 16199: Castérot Chloé (FRA, WAG)",FRA,3965:36 | 16199:3,yes,,Same normalized first/last/discipline. Verify country history vs true homonym before merging.
exact_normalized_name,medium,4292,"4292: Monat Eloise (CAN, WAG) | 13784: Monat Éloïse (CAN, WAG)",CAN,4292:28 | 13784:21,yes,,Same normalized first/last/discipline. Verify country history vs true homonym before merging.
exact_normalized_name,medium,4345,"4345: Frazier eMjae (USA, WAG) | 4346: Frazier éMjae (USA, WAG)",USA,4345:90 | 4346:5,yes,,Same normalized first/last/discipline. Verify country history vs true homonym before merging.
exact_normalized_name,medium,7342,"464: Legare Charles-Etienne (CAN, MAG) | 7342: Légaré Charles-Étienne (CAN, MAG)",CAN,464:22 | 7342:87,yes,,Same normalized first/last/discipline. Verify country history vs true homonym before merging.
exact_normalized_name,medium,5294,"5294: Denommee Laurie (CAN, WAG) | 22635: Dénommée Laurie (CAN, WAG)",CAN,5294:213 | 22635:4,yes,,Same normalized first/last/discipline. Verify country history vs true homonym before merging.
exact_normalized_name,medium,5296,"5296: Vezina Laurie-Lou (CAN, WAG) | 5297: Vézina Laurie-Lou (CAN, WAG)",CAN,5296:34 | 5297:28,yes,,Same normalized first/last/discipline. Verify country history vs true homonym before merging.
exact_normalized_name,medium,5711,"5711: Menendez Maria (ESP, WAG) | 20086: Menéndez María (ESP, WAG)",ESP,5711:3 | 20086:1,yes,,Same normalized first/last/discipline. Verify country history vs true homonym before merging.
exact_normalized_name,medium,573,"572: Aguero Daniel (PER, MAG) | 573: Agüero Daniel (PER, MAG)",PER,572:77 | 573:83,yes,,Same normalized first/last/discipline. Verify country history vs true homonym before merging.
exact_normalized_name,medium,608,"607: Villafane Daniel (ARG, MAG) | 608: Villafañe Daniel (ARG, MAG)",ARG,607:17 | 608:209,yes,,Same normalized first/last/discipline. Verify country history vs true homonym before merging.
exact_normalized_name,medium,6132,"6132: Conceição Noemia (POR, WAG) | 10636: Conceicao Noemia (POR, WAG) | 22990: Conceiçao Noémia (POR, WAG)",POR,6132:29 | 10636:10 | 22990:14,yes,,Same normalized first/last/discipline. Verify country history vs true homonym before merging.
exact_normalized_name,medium,6133,"6133: Louon Noemie (BEL, WAG) | 6134: Louon Noémie (BEL, WAG)",BEL,6133:61 | 6134:35,yes,,Same normalized first/last/discipline. Verify country history vs true homonym before merging.
exact_normalized_name,medium,10790,"6343: Groulx Rebeka (CAN, WAG) | 10790: Groulx Rébéka (CAN, WAG)",CAN,6343:9 | 10790:59,yes,,Same normalized first/last/discipline. Verify country history vs true homonym before merging.
exact_normalized_name,medium,65,"64: Onder Ahmet (TUR, MAG) | 65: Önder Ahmet (TUR, MAG)",TUR,64:34 | 65:483,yes,,Same normalized first/last/discipline. Verify country history vs true homonym before merging.
exact_normalized_name,medium,6536,"6536: Charpy Serena (FRA, WAG) | 14695: Charpy Séréna (FRA, WAG)",FRA,6536:34 | 14695:7,yes,,Same normalized first/last/discipline. Verify country history vs true homonym before merging.
exact_normalized_name,medium,6543,"6542: Oorschot Shade van (NED, WAG) | 6543: Oorschot Shadé van (NED, WAG)",NED,6542:61 | 6543:126,yes,,Same normalized first/last/discipline. Verify country history vs true homonym before merging.
exact_normalized_name,medium,8039,"8039: Löwe Luc (GER, MAG) | 15473: Lowe Luc (GER, MAG)",GER,8039:62 | 15473:7,yes,,Same normalized first/last/discipline. Verify country history vs true homonym before merging.
exact_normalized_name,medium,850,"850: Öztekin Emre (TUR, MAG) | 851: Oztekin Emre (TUR, MAG)",TUR,850:46 | 851:22,yes,,Same normalized first/last/discipline. Verify country history vs true homonym before merging.
exact_normalized_name,medium,9125,"9125: Weissortel Annika (SUI, WAG) | 9126: Weissörtel Annika (SUI, WAG)",SUI,9125:5 | 9126:3,yes,,Same normalized first/last/discipline. Verify country history vs true homonym before merging.
exact_normalized_name,medium,9220,"9220: Guimaraes Benedita (POR, WAG) | 9221: Guimarães Benedita (POR, WAG)",POR,9220:11 | 9221:11,yes,,Same normalized first/last/discipline. Verify country history vs true homonym before merging.
exact_normalized_name,medium,7545,"930: Berube Felix (CAN, MAG) | 7545: Bérubé Félix (CAN, MAG)",CAN,930:14 | 7545:30,yes,,Same normalized first/last/discipline. Verify country history vs true homonym before merging.
exact_normalized_name,medium,931,"931: Blaquiere Felix (CAN, MAG) | 7546: Blaquière Félix (CAN, MAG)",CAN,931:80 | 7546:40,yes,,Same normalized first/last/discipline. Verify country history vs true homonym before merging.
exact_normalized_name,medium,934,"933: Dolci Felix (CAN, MAG) | 934: Dolci Félix (CAN, MAG)",CAN,933:109 | 934:454,yes,,Same normalized first/last/discipline. Verify country history vs true homonym before merging.
exact_normalized_name,medium,9662,"9661: Briceno Greys (MEX, WAG) | 9662: Briceño Greys (MEX, WAG)",MEX,9661:10 | 9662:23,yes,,Same normalized first/last/discipline. Verify country history vs true homonym before merging.
same_last_similar_first,medium,1988,"1987: Kosak Mehmet Ayber (TUR, MAG) | 1988: Kosak Mehmet Ayberk (TUR, MAG)",TUR,1987:16 | 1988:238,yes,,First-name similarity 0.960; verify manually before merging.
same_last_similar_first,medium,826,"825: Graf Elias Maximilan (GER, MAG) | 826: Graf Elias Maximilian (GER, MAG)",GER,825:4 | 826:19,yes,,First-name similarity 0.968; verify manually before merging.
