review_id,review_priority,problem_type,imported_athlete_2020,discipline,suggested_existing_athlete_id,suggested_existing_athlete,suggested_existing_country,suggestion_confidence,collision_or_change_countries,recommended_action,learned_rule_id,decision,action,country,notes,imported_2020_results_by_country,existing_athlete_previous_results_by_country,future_country_evidence
athlete_identity_collision_32e0616ef3840b9e,high,possible_athlete_identity_collision,Stefanos Tsolakidis,MAG,2702,Stefanos Tsolakidis,GRE,1.0,"GER, GRE",,,merge as same athlete,canonical country,GRE,,GER: 2020 - 1st Bundesliga (2 results); 2020 - 2nd Bundesliga (3 results) | GRE: 2020 - 3rd Bundesliga (3 results),GRE: 2018 - European Championships (5 results); 2018 - Greek Championships (9 results); 2018 - Voronin Cup (7 results),"Stefanos Tsolakidis: 2021: GER:2, GRE:13 / 2022: GER:3, GRE:30 / 2023: GRE:19 / 2024: GRE:11 / 2025: GRE:11"
athlete_identity_collision_2dade308d4acefb4,high,possible_athlete_identity_collision,Antoine Borello,MAG,231,Antoine Borello,FRA,1.0,"FRA, ITA",,,merge as same athlete,canonical country,FRA,,FRA: 2020 - 3rd Italian Serie A (3 results) | ITA: 2020 - 2nd Italian Serie A (2 results),FRA: 2018 - French Championships (8 results); 2018 - Ghent Men's Friendly (7 results); 2018 - Paris Challenge Cup (2 results); 2018 - Top 12 Series 4 (2 results); 2018 - Top 12 Series 6 (3 results); 2018 - World Championships (7 results); 2019 - DTB Team Challenge (7 results); 2019 - European Championships (7 results); 2019 - French Championships (11 results); 2019 - Heerenveen Men's Friendly (7 results); 2019 - Paris Challenge Cup (3 results); 2019 - Summer Universiade (15 results); 2019 - Top 12 Series 2 (3 results); 2019 - Top 12 Series 3 (3 results); 2019 - Top 12 Series 6 (3 results); 2019 - World Championships (7 results),Antoine Borello: 2021: FRA:19 / 2022: FRA:15 / 2023: FRA:9 / 2024: FRA:4
athlete_identity_collision_efd7ab0478981e89,high,possible_athlete_identity_collision,Maria Kharenkova,WAG,5704,Maria Kharenkova,RUS,1.0,"GEO, RUS",,,merge as same athlete,canonical country,RUS,,GEO: 2020 - Russian Championships (5 results) | RUS: 2020 - Russian Championships (1 results); 2020 - Voronin Cup (4 results),RUS: 2018 - DTB Pokal Team Challenge (2 results); 2018 - Russian Championships (3 results); 2018 - Russian Cup (4 results); 2018 - Voronin Cup (4 results); 2019 - 4th Bundesliga (5 results); 2019 - Russian Championships (2 results); 2019 - Russian Cup (10 results); 2019 - Voronin Cup (11 results); 2019 - World Championships (5 results),"Maria Kharenkova: 2021: GEO:10, RUS:4"
athlete_identity_collision_9224bf0fb3eb6ad2,high,possible_athlete_identity_collision,Nabil Zouhair,MAG,2104,Nabil Zouhair,FRA,1.0,"FRA, MAR",,,merge as same athlete,country history,MAR,,FRA: 2020 - Top 12 Series 5 (2 results) | MAR: 2020 - Top 12 Semi-Final I (3 results),FRA: 2018 - Top 12 Semi-Final 1 (3 results); 2018 - Top 12 Semi-Final 2 (3 results); 2018 - Top 12 Series 1 (3 results); 2018 - Top 12 Series 2 (3 results); 2018 - Top 12 Series 4 (3 results); 2018 - Top 12 Series 5 (2 results),"Nabil Zouhair: 2021: FRA:4, MAR:10 / 2022: MAR:26"
athlete_identity_collision_b4322283558b9318,high,possible_athlete_identity_collision,Ui Soma,WAG,6852,Ui Soma,USA,1.0,"JPN, USA",,,merge as same athlete,canonical country,JPN,,JPN: 2020 - All-Japan Championships (5 results) | USA: 2020 - Metroplex National Qualifier (5 results),USA: 2018 - American Classic (5 results); 2018 - Auburn National Qualifier (5 results); 2018 - Desert Lights Qualifier (5 results),Ui Soma: 2021: JPN:12 / 2024: JPN:22 / 2025: JPN:5
athlete_identity_collision_91ef3f3a84675aeb,high,possible_athlete_identity_collision,Alexia Angelini,WAG,3299,Alexia Angelini,ITA,1.0,"ESP, ITA",,,merge as same athlete,canonical country,ITA,,ESP: 2020 - 2nd Spanish League (1 results) | ITA: 2020 - 2nd Italian Serie A (5 results),ITA: 2018 - 1st Italian Serie A (5 results); 2018 - 2nd Italian Serie A (3 results); 2018 - 3rd Italian Serie A (5 results); 2018 - Italian Gold Championships (9 results); 2019 - 1st Italian Serie A (5 results); 2019 - 2nd Italian Serie A (2 results); 2019 - 3rd Italian Serie A (2 results); 2020 - 1st Spanish League (2020 season) (3 results),Alexia Angelini: 2021: ITA:7 / 2022: ITA:18 / 2023: ITA:39 / 2024: ITA:27 / 2025: ITA:40
athlete_identity_collision_9eedb012237ebf86,high,possible_athlete_identity_collision,Jordis Eichman,WAG,9882,Jordis Eichman,USA,1.0,"CAN, USA",,,merge as same athlete,canonical country,USA,,CAN: 2020 - International Gymnix (2 results) | USA: 2020 - International Gymnix (5 results),USA: 2019 - World Champion's National Qualifier (5 results),Jordis Eichman: 2023: USA:10 / 2025: USA:35
athlete_identity_collision_8b3f0d6839a3584b,high,possible_athlete_identity_collision,Daria Belousova,WAG,4075,Daria Belousova,RUS,1.0,"ITA, RUS",,,merge as same athlete,canonical country,RUS,,ITA: 2020 - 2nd Italian Serie A (2 results) | RUS: 2020 - 1st Italian Serie A (2 results),RUS: 2018 - City of Jesolo Trophy (6 results); 2018 - Russian Junior Championships (2 results); 2018 - Youth Olympic Games Qualifier (5 results); 2019 - DTB Team Challenge (6 results); 2019 - Korea Cup (3 results); 2019 - Russian Championships (12 results); 2019 - Russian Cup (13 results),Daria Belousova: 2021: RUS:22 / 2022: RUS:2
athlete_country_4f144a2c1eb3b67e,high,possible_athlete_country_change,Daniil Kazachkov,MAG,618,Daniil Kazachkov,RUS,,"FRA, RUS",,,merge as same athlete,canonical country,RUS,,FRA: 2020 - Top 12 Semi-Final I (1 results),RUS: 2018 - 2nd Bundesliga (4 results); 2018 - 3rd Bundesliga (7 results); 2018 - 4th Bundesliga (3 results); 2018 - Dityatin Cup (2 results); 2018 - Russian Championships (16 results); 2018 - Top 12 Final (4 results); 2018 - Top 12 Semi-Final 1 (2 results); 2018 - Top 12 Series 6 (2 results); 2019 - Russian Championships (3 results); 2019 - Top 12 Finals (3 results); 2019 - Top 12 Semi-Final I (1 results); 2019 - Top 12 Semi-Final II (1 results); 2019 - Top 12 Series 2 (1 results); 2019 - Top 12 Series 3 (1 results),Daniil Kazachkov: 2021: RUS:7
athlete_country_e0cf7a5147d9d7be,high,possible_athlete_country_change,Florian Landuyt,MAG,968,Florian Landuyt,BEL,,"BEL, FRA",,,merge as same athlete,canonical country,BEL,,FRA: 2020 - Top 12 Semi-Final I (1 results),BEL: 2018 - Dutch Championships (3 results); 2019 - Cardiff Men's Friendly (3 results); 2019 - Heerenveen Men's Friendly (5 results); 2019 - Top 12 Series 2 (1 results); 2019 - Top 12 Series 4 (3 results),Florian Landuyt: 2021: BEL:6
athlete_country_e52c78b1e9f38ac6,high,possible_athlete_country_change,Kevin Buckley,MAG,7918,Kevin Buckley,SUI,,"SLO, SUI",,,merge as same athlete,country history,SLO,,SLO: 2020 - European Championships (5 results),SUI: 2019 - Swiss Team Championships (2 results),"Kevin Buckley: 2022: SLO:33 / 2023: SLO:30 / 2024: SLO:32 / 2025: SLO:19, SUI:3"
athlete_country_8f45da014058d6c1,high,possible_athlete_country_change,Marcus Bay,MAG,8099,Marcus Bay,GER,,"GER, ITA",,,merge as same athlete,canonical country,GER,,ITA: 2020 - 1st Italian Serie A (3 results); 2020 - 2nd Italian Serie A (2 results),GER: 2019 - German Championships (7 results),Marcus Bay: 2021: GER:48 / 2022: GER:49 / 2023: GER:7
athlete_country_7c863533e0b70002,high,possible_athlete_country_change,Martino Morosi,MAG,1912,Martino Morosi,SUI,,"ITA, SUI",,,merge as same athlete,canonical country,SUI,,ITA: 2020 - 1st Italian Serie A (3 results),SUI: 2018 - Austrian Team Open (7 results); 2018 - Swiss Championships (7 results); 2019 - Summer Universiade (14 results); 2019 - Swiss Championships (7 results); 2019 - Swiss Team Championships (7 results),Martino Morosi: not found 2021-2025
athlete_country_cbf796f27da167a9,high,possible_athlete_country_change,Mauro Martinez,MAG,8143,Mauro Martinez,ARG,,"ARG, USA",,,merge as same athlete,canonical country,ARG,,USA: 2020 - Houston National Invitational (5 results),ARG: 2019 - Houston National Invitational (7 results),Mauro Martinez: not found 2021-2025
athlete_country_8db6bc760f017d34,high,possible_athlete_country_change,Nicholas Tarca,MAG,8240,Nicholas Tarca,USA,,"ROU, USA",,,merge as same athlete,country history,ROU,,ROU: 2020 - Romanian Championships (5 results),USA: 2019 - U.S. Championships D1 (7 results); 2019 - U.S. Championships D2 (7 results),Nicholas Tarca: 2021: ROU:10 / 2022: ROU:26 / 2023: ROU:18 / 2024: ROU:31 / 2025: ROU:22
athlete_country_ca46785c9d12ac98,high,possible_athlete_country_change,Alicia Wendland,WAG,3328,Alicia Wendland,USA,,"CAN, USA",,,merge as same athlete,canonical country,USA,,CAN: 2020 - International Gymnix (5 results),USA: 2018 - Auburn National Qualifier (5 results); 2018 - Desert Lights Qualifier (5 results); 2018 - KPAC National Qualifier (5 results); 2018 - Tournoi International (5 results),Alicia Wendland: not found 2021-2025
athlete_country_5bbe9836359cb66f,high,possible_athlete_country_change,Gabriela Chetu,WAG,9606,Gabriela Chetu,ROU,,"ROU, SWE",,,merge as same athlete,country history,SWE,,SWE: 2020 - Swedish Championships (5 results),ROU: 2019 - Mälar Cup (5 results); 2019 - Romanian Junior Championships (3 results),Gabriela Chetu: 2021: SWE:12 / 2022: SWE:20 / 2023: SWE:10 / 2024: SWE:5 / 2025: SWE:5
athlete_country_a5228ceb940a9d52,high,possible_athlete_country_change,Kaspara Danielsen,WAG,5087,Kaspara Danielsen,FAR,,"DEN, FAR",,,merge as same athlete,canonical country,DEN,,DEN: 2020 - Danish Championships (5 results),FAR: 2018 - Nordic Championships (5 results); 2019 - Mälar Cup (5 results); 2019 - Northern European Championships (3 results),Kaspara Danielsen: 2021: DEN:5 / 2022: DEN:1
athlete_country_037a2a18709ac05c,high,possible_athlete_country_change,Lilian Bate,WAG,5384,Lilian Bate,AUS,,"AUS, CAN",,,merge as same athlete,country history,CAN,,CAN: 2020 - Elite Canada (5 results),AUS: 2018 - Australian Classic (10 results),Lilian Bate: 2021: CAN:20 / 2022: CAN:4 / 2023: CAN:7 / 2025: CAN:2
athlete_country_9d31ce2355fe4842,high,possible_athlete_country_change,Lynn Treinen,WAG,5565,Lynn Treinen,BEL,,"BEL, NED",,,merge as same athlete,canonical country,BEL,,NED: 2020 - Create Team Cup (3 results),BEL: 2018 - Gymnasiade (5 results),Lynn Treinen: not found 2021-2025
athlete_country_a4ddfb148857866f,high,possible_athlete_country_change,Nefeli Theodoraki,WAG,6060,Nefeli Theodoraki,GRE,,"GER, GRE",,,merge as same athlete,canonical country,GRE,,GER: 2020 - 2nd Bundesliga (2 results),GRE: 2018 - Greek Championships (10 results); 2019 - Greek Championships (11 results),Nefeli Theodoraki: not found 2021-2025
athlete_country_0bc2882cf0df171d,high,possible_athlete_country_change,Polina Novikova,WAG,10740,Polina Novikova,RUS,,"NED, RUS",,,merge as same athlete,canonical country,RUS,,NED: 2020 - Create Team Cup (5 results),RUS: 2019 - Russian Championships (5 results),Polina Novikova: not found 2021-2025
athlete_country_3667e713aa7797a4,high,possible_athlete_country_change,Yuliya Khorosh,WAG,7075,Yuliya Khorosh,UKR,,"RUS, UKR",,,merge as same athlete,canonical country,UKR,,RUS: 2020 - Voronin Cup (5 results),UKR: 2018 - Dityatin Cup (11 results); 2018 - Voronin Cup (10 results),Yuliya Khorosh: 2023: RUS:5
athlete_match_9eda02d073a36a3c,medium,possible_existing_athlete_match,Naoki Yamane,MAG,3034,Yamane Naoki,JPN,1.0,"JPN, JPN",,,merge as same athlete,canonical country,JPN,,JPN: 2020 - All-Japan Student Championships (5 results),JPN: 2018 - All-Japan Event Championships (3 results); 2019 - All-Japan Championships (9 results); 2019 - All-Japan Event Championships (1 results); 2019 - All-Japan Student Championships (9 results); 2019 - All-Japan Team Championships (3 results),Naoki Yamane: 2021: JPN:2 / 2022: JPN:11 | Yamane Naoki: not found 2021-2025
athlete_match_a0b2a39023408a27,medium,possible_existing_athlete_match,Mattilyn Kitzmiller,WAG,10410,Mattilynn Kitzmiller,USA,0.974,"USA, USA",,,merge as same athlete,,,,USA: 2020 - KPAC National Qualifier (1 results),USA: 2019 - Auburn National Qualifier (5 results); 2019 - Parkettes National Qualifier (5 results),Mattilyn Kitzmiller: not found 2021-2025 | Mattilynn Kitzmiller: not found 2021-2025
athlete_match_a77eeb73faaab340,medium,possible_existing_athlete_match,Nika Kukuljan Frleta,WAG,6099,Nika Kukljan Frleta,CRO,0.974,"CRO, CRO",,,merge as same athlete,,,,CRO: 2020 - European Championships (5 results),CRO: 2018 - Zelena Jama Open (5 results); 2019 - Salamunov Memorial (9 results); 2019 - Stella Zakharova Cup (6 results),Nika Kukuljan Frleta: 2022: CRO:14 / 2023: CRO:16 / 2024: CRO:25 / 2025: CRO:10 | Nika Kukljan Frleta: not found 2021-2025
athlete_match_237f316c3b5ef9d2,medium,possible_existing_athlete_match,Justine Ace de Leon,MAG,1520,Justine Ace Deleon,PHI,0.973,"PHI, PHI",,,merge as same athlete,,,,PHI: 2020 - Baku World Cup (1 results),PHI: 2018 - Singapore Open (12 results); 2019 - Southeast Asian Games (5 results); 2019 - Toyota International (5 results),Justine Ace de Leon: 2022: PHI:3 / 2023: PHI:23 / 2024: PHI:15 / 2025: PHI:10 | Justine Ace Deleon: not found 2021-2025
athlete_match_404c6e81d91d4c69,medium,possible_existing_athlete_match,Lilian Langensköld,WAG,5385,Lilian Langenskiöld,FIN,0.973,"FIN, FIN",,,merge as same athlete,,,,FIN: 2020 - Baku World Cup (4 results),FIN: 2018 - Cottbus World Cup (1 results); 2018 - Deva Friendly (5 results); 2018 - Finnish Championships (9 results); 2019 - European Games Test Event (11 results); 2019 - Finnish Championships (10 results); 2019 - Finnish Worlds Trials (5 results); 2019 - Mersin Challenge Cup (10 results); 2019 - Northern European Championships (8 results),Lilian Langensköld: not found 2021-2025 | Lilian Langenskiöld: 2022: FIN:15
athlete_match_c3c22c9a6c53ff93,high,possible_existing_athlete_match,Pedro Moltke-Leth,MAG,2308,Pedro Molthke-Leth,MEX,0.971,"DEN, MEX",,,merge as same athlete,country history,DEN,,DEN: 2020 - Danish Championships (5 results),MEX: 2018 - Mexican Championships (7 results),Pedro Moltke-Leth: 2021: DEN:10 / 2022: DEN:19 / 2023: DEN:18 | Pedro Molthke-Leth: not found 2021-2025
athlete_match_e80044ddfff424db,medium,possible_existing_athlete_match,Keziah Langendock,WAG,5150,Keziah Langendonck,BEL,0.971,"BEL, BEL",,,merge as same athlete,,,,BEL: 2020 - International Gymnix (5 results),BEL: 2018 - Belgian Championships (5 results); 2018 - Top Gym Tournament (9 results); 2018 - Tournoi International (6 results); 2019 - Belgian Championships (5 results); 2019 - Elite Gym Massilia (4 results); 2019 - FIT Challenge (6 results); 2019 - Top 12 Series 1 (1 results),Keziah Langendock: 2022: BEL:5 | Keziah Langendonck: not found 2021-2025
athlete_match_8761c0abf0efc309,medium,possible_existing_athlete_match,Nailya Yerimbetova,WAG,6014,Nailya Erimbetova,KAZ,0.971,"KAZ, KAZ",,,merge as same athlete,,,,KAZ: 2020 - Tiger Cup (5 results),KAZ: 2018 - President's Cup (8 results),Nailya Yerimbetova: 2022: KAZ:6 | Nailya Erimbetova: not found 2021-2025
athlete_match_57c399e2c25765e4,medium,possible_existing_athlete_match,Denis Brusenskiy,MAG,686,Denis Brusyenskiy,RUS,0.97,"RUS, RUS",,,merge as same athlete,,,,RUS: 2020 - Russian Championships (5 results),RUS: 2018 - Russian Junior Championships (14 results),Denis Brusenskiy: 2023: RUS:3 / 2024: RUS:14 / 2025: RUS:41 | Denis Brusyenskiy: not found 2021-2025
athlete_match_3421c90c3a89e205,medium,possible_existing_athlete_match,Kacper Ganczarek,MAG,1521,Kacper Garnczarek,POL,0.97,"POL, POL",,,merge as same athlete,,,,POL: 2020 - RD761 Junior International Cup (3 results); 2020 - Szombathely Challenge Cup (2 results),POL: 2018 - International GymSport (10 results); 2018 - Youth Olympic Games Qualifier (7 results); 2019 - European Youth Olympic Festival (15 results); 2019 - Junior World Championships (7 results); 2019 - Olympic Hopes Cup (10 results); 2019 - Polish Men's Cup (7 results); 2019 - Stella Zakharova Cup (10 results),Kacper Ganczarek: not found 2021-2025 | Kacper Garnczarek: 2021: POL:19 / 2022: POL:34 / 2023: POL:19 / 2024: POL:16 / 2025: POL:37
athlete_match_da813d36eb48b8ff,medium,possible_existing_athlete_match,Andrea Villarroya,WAG,3503,Andrea Villaroya,ESP,0.97,"ESP, ESP",,,merge as same athlete,,,,ESP: 2020 - 2nd Spanish League (5 results),ESP: 2018 - 3rd Spanish League (5 results); 2019 - 1st Spanish League (2 results); 2019 - 2nd Spanish League (3 results); 2019 - 3rd Spanish League (5 results); 2019 - Spanish Championships (5 results); 2020 - 1st Spanish League (2020 season) (5 results),Andrea Villarroya: not found 2021-2025 | Andrea Villaroya: not found 2021-2025
athlete_match_fd2c9fb824fe07aa,medium,possible_existing_athlete_match,Marija Grigorjeva,WAG,10380,Marja Grigorjeva,LAT,0.97,"LAT, LAT",,,merge as same athlete,,,,LAT: 2020 - Olympic Hopes Meet (5 results),LAT: 2019 - Latvian Championships (7 results),Marija Grigorjeva: 2022: LAT:2 | Marja Grigorjeva: not found 2021-2025
athlete_match_62195fdcec75f665,medium,possible_existing_athlete_match,Silviana Sfringu,WAG,6598,Silviana Sfiringu,ROU,0.97,"ROU, ROU",,,merge as same athlete,,,,ROU: 2020 - European Championships (5 results),ROU: 2018 - European Championships (11 results); 2018 - Izvorani Friendly (5 results); 2018 - Romanian Championships (11 results); 2019 - European Youth Olympic Festival (17 results); 2019 - FIT Challenge (9 results); 2019 - Junior World Championships (6 results); 2019 - Romanian Championships (8 results); 2019 - Romanian Junior Championships (5 results),Silviana Sfringu: not found 2021-2025 | Silviana Sfiringu: 2022: ROU:20
athlete_match_12dc68f972464e05,high,possible_existing_athlete_match,Dmitriy Shishkov,MAG,750,Dmitriy Shishko,UKR,0.968,"RUS, UKR",,,merge as same athlete,canonical country,UKR,,RUS: 2020 - Russian Championships (5 results),UKR: 2018 - President's Cup (13 results); 2019 - Russian Junior Championships (15 results),Dmitriy Shishkov: not found 2021-2025 | Dmitriy Shishko: not found 2021-2025
athlete_match_17f1c63abedc5bed,medium,possible_existing_athlete_match,Gustavol Pereira,MAG,1084,Gustavo Pereira,BRA,0.968,"BRA, BRA",,,merge as same athlete,,,,BRA: 2020 - RD761 Junior International Cup (5 results),BRA: 2018 - Brazilian Junior Championships (11 results); 2019 - Brazilian Championships (9 results),Gustavol Pereira: not found 2021-2025 | Gustavo Pereira: 2021: BRA:23 / 2022: BRA:20 / 2023: BRA:19 / 2024: BRA:22 / 2025: BRA:10
athlete_match_a5a826f02ac70376,medium,possible_existing_athlete_match,Klims Bogdeanovs,MAG,1620,Klims Bogdanovs,LAT,0.968,"LAT, LAT",,,merge as same athlete,,,,LAT: 2020 - Olympic Hopes Meet (5 results),LAT: 2018 - Latvian Championships (9 results),Klims Bogdeanovs: not found 2021-2025 | Klims Bogdanovs: not found 2021-2025
athlete_match_d5df3492c1407f92,medium,possible_existing_athlete_match,Guillem Rossell,MAG,1079,Guillem Rosell,ESP,0.966,"ESP, ESP",,,merge as same athlete,,,,ESP: 2020 - Mallorca Cup (5 results),ESP: 2018 - Spanish Championships (4 results); 2019 - Spanish Championships (7 results),Guillem Rossell: not found 2021-2025 | Guillem Rosell: not found 2021-2025
athlete_match_24b8a8dffa015baa,medium,possible_existing_athlete_match,Igor Grunichev,MAG,1196,Igor Grunichyev,RUS,0.966,"RUS, RUS",,,merge as same athlete,,,,RUS: 2020 - Russian Championships (5 results),RUS: 2018 - Russian Junior Championships (16 results); 2019 - Russian Junior Championships (16 results),Igor Grunichev: 2022: RUS:14 / 2023: RUS:28 / 2024: RUS:7 | Igor Grunichyev: not found 2021-2025
athlete_match_89efd0f3b7edbf9a,medium,possible_existing_athlete_match,Leo Blumenberg,MAG,1681,Leo Blumnenberg,SWE,0.966,"SWE, SWE",,,merge as same athlete,,,,SWE: 2020 - Swedish Championships (5 results),SWE: 2018 - Swedish Championships (13 results); 2019 - Mälar Cup (4 results); 2019 - Swedish Championships (9 results),Leo Blumenberg: 2021: SWE:4 / 2022: SWE:4 / 2023: SWE:6 / 2025: SWE:2 | Leo Blumnenberg: not found 2021-2025
athlete_match_03254475d2e1b8a9,medium,possible_existing_athlete_match,Mathias Schwab,MAG,1953,Matthias Schwab,AUT,0.966,"AUT, AUT",,,merge as same athlete,,,,AUT: 2020 - Austrian Championships (5 results),AUT: 2018 - Austrian Championships (9 results); 2018 - Austrian Men's Euros Trial (7 results); 2018 - Austrian Team Open (7 results); 2018 - European Championships (4 results); 2018 - Osijek Challenge Cup (2 results); 2018 - Paris Challenge Cup (2 results); 2018 - Szombathely Challenge Cup (1 results); 2018 - World Championships (7 results); 2019 - Austrian Team Open (2 results); 2019 - Baku World Cup (1 results); 2019 - Koper Challenge Cup (2 results); 2019 - Paris Challenge Cup (3 results); 2019 - World Championships (7 results),Mathias Schwab: 2021: AUT:7 | Matthias Schwab: not found 2021-2025
athlete_match_c406254da14e3e7c,medium,possible_existing_athlete_match,Alexa Guerrini,WAG,8957,Alexia Guerrini,ITA,0.966,"ITA, ITA",,,merge as same athlete,,,,ITA: 2020 - Italian Gold Championships (1 results),ITA: 2019 - Italian Gold Championships (2 results),Alexa Guerrini: not found 2021-2025 | Alexia Guerrini: 2023: ITA:2
athlete_match_d90804473abc0644,medium,possible_existing_athlete_match,Helmi Tuohmäki,WAG,4714,Helmi Tuohlmäki,FIN,0.966,"FIN, FIN",,,merge as same athlete,,,,FIN: 2020 - Finnish Euros Trials (5 results),FIN: 2018 - Finnish Championships (9 results); 2019 - Finnish Championships (5 results),Helmi Tuohmäki: not found 2021-2025 | Helmi Tuohlmäki: not found 2021-2025
athlete_match_4877e2e02a6adc18,medium,possible_existing_athlete_match,Marisa de Groot,WAG,10378,Marisa DeGroot,CAN,0.966,"CAN, CAN",,,merge as same athlete,,,,CAN: 2020 - International Gymnix (5 results),CAN: 2019 - Canadian Championships (10 results); 2019 - Elite Canada (12 results); 2019 - Elite Gym Massilia (5 results); 2019 - International Gymnix (5 results),Marisa de Groot: not found 2021-2025 | Marisa DeGroot: not found 2021-2025
athlete_match_d66063bd371c74fd,medium,possible_existing_athlete_match,Rinne Sakatani,WAG,6370,Rin'ne Sakatani,JPN,0.966,"JPN, JPN",,,merge as same athlete,,,,JPN: 2020 - All-Japan Championships (5 results),JPN: 2018 - All-Japan Team Championships (3 results); 2019 - All-Japan Championships (5 results); 2019 - All-Japan Junior Championships (5 results); 2019 - All-Japan Team Championships (3 results); 2019 - City of Jesolo Trophy (7 results),Rinne Sakatani: 2021: JPN:13 / 2022: JPN:11 / 2023: JPN:11 / 2024: JPN:5 | Rin'ne Sakatani: not found 2021-2025
athlete_match_3453a02a47338058,high,possible_existing_athlete_match,Vitalija Pakhno,WAG,6962,Vitalia Pakhno,UKR,0.966,"POL, UKR",,,merge as same athlete,country history,POL,,POL: 2020 - Polish Championships (5 results),UKR: 2018 - Ukraine Cup (5 results),Vitalija Pakhno: 2021: POL:16 / 2022: POL:19 / 2023: POL:7 / 2025: POL:4 | Vitalia Pakhno: not found 2021-2025
athlete_match_f86709def55504fe,medium,possible_existing_athlete_match,Abu Saed Rafi,MAG,2517,Saeed Rafi Abu,BAN,0.963,"BAN, BAN",,,merge as same athlete,,,,BAN: 2020 - Voronin Cup (5 results),BAN: 2018 - Asian Junior Championships (9 results),Abu Saed Rafi: not found 2021-2025 | Saeed Rafi Abu: not found 2021-2025
athlete_match_ac2a72c5ea90f46b,medium,possible_existing_athlete_match,Boris Voronko,MAG,7311,Boriss Voronko,LAT,0.963,"LAT, LAT",,,merge as same athlete,,,,LAT: 2020 - Olympic Hopes Meet (5 results),LAT: 2019 - International Junior Team Cup (8 results); 2019 - Voronin Cup (8 results),Boris Voronko: not found 2021-2025 | Boriss Voronko: not found 2021-2025
athlete_match_ed116e36c1b8d20f,medium,possible_existing_athlete_match,Jenna Potinja,WAG,9847,Jenna Potinoja,FIN,0.963,"FIN, FIN",,,merge as same athlete,,,,FIN: 2020 - Finnish Championships (5 results),FIN: 2019 - Mälar Cup (8 results),Jenna Potinja: not found 2021-2025 | Jenna Potinoja: 2022: FIN:3
athlete_match_e925f89914951b4b,medium,possible_existing_athlete_match,Mélanie De Jesus Dos Santos,WAG,5883,Melanie de Jesus dos Santos,FRA,0.963,"FRA, FRA",,,merge as same athlete,,,,FRA: 2020 - French Test Meet (5 results),FRA: 2018 - Arthur Gander Memorial (2 results); 2018 - Doha World Cup (4 results); 2018 - European Championships (11 results); 2018 - French Championships (8 results); 2018 - Paris Challenge Cup (4 results); 2018 - Sainté Gym Cup (5 results); 2018 - Swiss Cup (2 results); 2018 - Tokyo World Cup (5 results); 2018 - World Championships (15 results); 2019 - DTB Team Challenge (4 results); 2019 - European Championships (13 results); 2019 - French Championships (8 results); 2019 - Paris Challenge Cup (4 results); 2019 - World Championships (16 results),Mélanie De Jesus Dos Santos: 2021: FRA:9 / 2023: FRA:35 / 2024: FRA:24 | Melanie de Jesus dos Santos: 2021: FRA:15 / 2022: FRA:12
athlete_match_8f6b4397365735bc,medium,possible_existing_athlete_match,Yang Fanyuwei,WAG,11252,Yang Fan Yuwei,CHN,0.963,"CHN, CHN",,,merge as same athlete,,,,CHN: 2020 - Chinese Championships (5 results),CHN: 2019 - Chinese Junior Championships (5 results); 2019 - Chinese National Youth Games (8 results),Yang Fanyuwei: 2021: CHN:3 / 2022: CHN:2 / 2023: CHN:2 / 2024: CHN:7 / 2025: CHN:12 | Yang Fan Yuwei: not found 2021-2025
athlete_match_16b04530535bc6bd,medium,possible_existing_athlete_match,Ivan Karasev,MAG,1248,Ivan Karasyev,RUS,0.96,"RUS, RUS",,,merge as same athlete,,,,RUS: 2020 - Russian Championships (5 results),RUS: 2018 - Russian Junior Championships (16 results); 2019 - Larisa Latynina Cup (14 results); 2019 - Russian Junior Championships (15 results),Ivan Karasev: not found 2021-2025 | Ivan Karasyev: not found 2021-2025
athlete_match_356159617ce2cbef,medium,possible_existing_athlete_match,Long Zhizheng,MAG,8029,Long Zizheng,CHN,0.96,"CHN, CHN",,,merge as same athlete,,,,CHN: 2020 - Chinese Championships (5 results),CHN: 2019 - Chinese Individual Championships (14 results); 2019 - Chinese National Youth Games (13 results),Long Zhizheng: 2021: CHN:5 / 2022: CHN:3 | Long Zizheng: 2021: CHN:18 / 2023: CHN:12 / 2024: CHN:11 / 2025: CHN:19
athlete_match_98d4824fbd308c57,medium,possible_existing_athlete_match,Martin Flores,MAG,1903,Marti Flores,ESP,0.96,"ESP, ESP",,,merge as same athlete,,,,ESP: 2020 - Mallorca Cup (5 results),ESP: 2018 - International Junior Team Cup (15 results); 2018 - Spanish Championships (7 results),Martin Flores: 2021: ESP:9 | Marti Flores: 2025: ESP:5
athlete_match_bf4834abaf89d71a,medium,possible_existing_athlete_match,Oliver Zavel,MAG,2229,Oliver Zavela,USA,0.96,"USA, USA",,,merge as same athlete,,,,USA: 2020 - Winter Cup Challenge (5 results),USA: 2018 - U.S. Championships (14 results); 2018 - U.S. Men's National Qualifier (7 results); 2019 - U.S. Championships D1 (7 results); 2019 - U.S. Championships D2 (7 results),Oliver Zavel: 2023: USA:14 | Oliver Zavela: not found 2021-2025
athlete_match_5566796fc04a8d1b,medium,possible_existing_athlete_match,Laia Privado,WAG,5234,Laila Privado,ESP,0.96,"ESP, ESP",,,merge as same athlete,,,,ESP: 2020 - 2nd Spanish League (3 results),ESP: 2018 - 3rd Spanish League (5 results); 2019 - 1st Spanish League (3 results); 2019 - 2nd Spanish League (5 results); 2019 - 3rd Spanish League (3 results); 2020 - 1st Spanish League (2020 season) (2 results),Laia Privado: 2021: ESP:5 / 2022: ESP:6 / 2023: ESP:6 / 2024: ESP:6 | Laila Privado: not found 2021-2025
athlete_match_2c61e7ff99b8ed40,medium,possible_existing_athlete_match,Morgan Jewell,WAG,10524,Morgan Jewel,USA,0.96,"USA, USA",,,merge as same athlete,,,,USA: 2020 - Brestyan's National Qualifier (5 results),USA: 2019 - Top Gym Tournament (7 results),Morgan Jewell: not found 2021-2025 | Morgan Jewel: not found 2021-2025
athlete_match_e90305e5a0aadc30,medium,possible_existing_athlete_match,Valérie Menezes-Thibault,WAG,6886,Valerie Menezes-Thibault,CAN,0.958,"CAN, CAN",,,merge as same athlete,,,,CAN: 2020 - International Gymnix (5 results),CAN: 2018 - International Gymnix (2 results); 2019 - Canadian Championships (10 results),Valérie Menezes-Thibault: not found 2021-2025 | Valerie Menezes-Thibault: not found 2021-2025
athlete_match_830463e0fae991be,medium,possible_existing_athlete_match,Andrea Amto,MAG,171,Andrea Amato,ITA,0.957,"ITA, ITA",,,merge as same athlete,,,,ITA: 2020 - 3rd Italian Serie A (4 results),ITA: 2018 - 1st Italian Serie A (3 results); 2018 - 2nd Italian Serie A (3 results); 2018 - 3rd Italian Serie A (3 results); 2019 - 1st Italian Serie A (4 results); 2019 - 2nd Italian Serie A (4 results); 2019 - 3rd Italian Serie A (3 results); 2019 - Italian Championships (1 results),Andrea Amto: not found 2021-2025 | Andrea Amato: 2021: ITA:8 / 2022: ITA:11 / 2023: ITA:7 / 2024: ITA:6
athlete_match_03dd247d90f2b37f,medium,possible_existing_athlete_match,Hugo Woxbom,MAG,7687,Hugo Woxblom,SWE,0.957,"SWE, SWE",,,merge as same athlete,,,,SWE: 2020 - Swedish Championships (1 results),SWE: 2019 - Mälar Cup (4 results),Hugo Woxbom: not found 2021-2025 | Hugo Woxblom: 2021: SWE:25 / 2022: SWE:8 / 2023: SWE:26 / 2024: SWE:8 / 2025: SWE:19
athlete_match_972790b5ad0598ce,medium,possible_existing_athlete_match,Lliao Jialei,MAG,1711,Liao Jialei,CHN,0.957,"CHN, CHN",,,merge as same athlete,,,,CHN: 2020 - Chinese Championships (5 results),CHN: 2018 - Chinese Individual Junior Championships (10 results); 2019 - Chinese National Youth Games (15 results),Lliao Jialei: not found 2021-2025 | Liao Jialei: 2021: CHN:3 / 2022: CHN:5 / 2023: CHN:7 / 2024: CHN:9 / 2025: CHN:5
athlete_match_1406f0119be98e3e,medium,possible_existing_athlete_match,Ricard Soler,MAG,2417,Ricard Sole,ESP,0.957,"ESP, ESP",,,merge as same athlete,,,,ESP: 2020 - Mallorca Cup (5 results),ESP: 2018 - Spanish Championships (7 results); 2019 - Spanish Championships (7 results),Ricard Soler: not found 2021-2025 | Ricard Sole: 2021: ESP:7 / 2022: ESP:2
athlete_match_033d676fe88739d2,medium,possible_existing_athlete_match,Alizée Letrange-Mouakit,WAG,3360,Alizee Letrange-Mouakit,FRA,0.957,"FRA, FRA",,,merge as same athlete,,,,FRA: 2020 - Coupe d'Hiver (5 results),FRA: 2018 - European Championships (3 results); 2018 - French Championships (5 results); 2018 - Pieve di Soligo Friendly (5 results); 2018 - Top Gym Tournament (7 results); 2019 - Elite Gym Massilia (7 results); 2019 - European Youth Olympic Festival (12 results); 2019 - French Championships (8 results); 2019 - Sainté Gym Cup (5 results),Alizée Letrange-Mouakit: 2021: FRA:2 / 2022: FRA:5 / 2024: FRA:5 / 2025: FRA:12 | Alizee Letrange-Mouakit: not found 2021-2025
athlete_match_f8b9c0f79f921506,medium,possible_existing_athlete_match,Mari Irgens,WAG,10364,Marie Irgens,NOR,0.957,"NOR, NOR",,,merge as same athlete,,,,NOR: 2020 - Norwegian Junior Championships (5 results),NOR: 2019 - GymStars International (11 results),Mari Irgens: 2021: NOR:5 | Marie Irgens: not found 2021-2025
athlete_match_774cf8dfda8b7e2f,medium,possible_existing_athlete_match,Marta Villar,WAG,5809,Marta Villa,ESP,0.957,"ESP, ESP",,,merge as same athlete,,,,ESP: 2020 - 2nd Spanish League (5 results),ESP: 2018 - 3rd Spanish League (3 results); 2019 - 1st Spanish League (3 results); 2019 - 2nd Spanish League (3 results); 2019 - 3rd Spanish League (3 results); 2020 - 1st Spanish League (2020 season) (3 results),Marta Villar: not found 2021-2025 | Marta Villa: not found 2021-2025
athlete_match_097179e956a0cfac,medium,possible_existing_athlete_match,Anastasija Ananjeva,WAG,3480,Anastasija Ananyeva,LAT,0.947,"LAT, LAT",,,merge as same athlete,,,,LAT: 2020 - European Championships (5 results),LAT: 2018 - Dityatin Cup (8 results); 2019 - Latvian Championships (10 results); 2019 - Tiger Cup (9 results); 2019 - Voronin Cup (5 results),Anastasija Ananjeva: 2022: LAT:32 / 2023: LAT:60 / 2024: LAT:40 / 2025: LAT:41 | Anastasija Ananyeva: not found 2021-2025
athlete_match_2aeea8494a04d506,medium,possible_existing_athlete_match,Aoka Mori,WAG,3621,Aoika Mori,JPN,0.947,"JPN, JPN",,,merge as same athlete,,,,JPN: 2020 - All-Japan Championships (5 results),JPN: 2018 - All-Japan Championships (5 results); 2018 - All-Japan Team Championships (5 results); 2019 - All-Japan Championships (10 results); 2019 - All-Japan Event Championships (2 results); 2019 - All-Japan Junior Championships (5 results); 2019 - Cottbus World Cup (1 results); 2019 - Japanese International Trials (5 results); 2019 - NHK Trophy (5 results),Aoka Mori: 2021: JPN:13 / 2022: JPN:18 / 2023: JPN:25 | Aoika Mori: not found 2021-2025
athlete_match_7b7b4aff915bec6f,medium,possible_existing_athlete_match,Lisa Katharina Hill,WAG,5441,Lisa-Katharina Hill,GER,0.947,"GER, GER",,,merge as same athlete,,,,GER: 2020 - 2nd Bundesliga (1 results),GER: 2018 - 4th Bundesliga (1 results); 2018 - Bundesliga Finals (1 results); 2018 - German Championships (2 results); 2018 - German Worlds Trial (1 results); 2018 - Salamunov Memorial (2 results); 2019 - 1st Bundesliga (1 results); 2019 - 1st Spanish League (1 results); 2019 - 3rd Spanish League (1 results); 2019 - Doha World Cup (2 results); 2019 - Reykjavik International Games (2 results); 2019 - Spanish League Finals (1 results),Lisa Katharina Hill: 2021: GER:4 / 2022: GER:5 / 2023: GER:3 | Lisa-Katharina Hill: not found 2021-2025
athlete_match_0fed4dcca9c775b4,medium,possible_existing_athlete_match,Rosane Dubard-Berby,WAG,10852,Rosane Dubard Berby,FRA,0.947,"FRA, FRA",,,merge as same athlete,,,,FRA: 2020 - French Test Meet (5 results),FRA: 2019 - Elite Gym Massilia (10 results),Rosane Dubard-Berby: 2023: FRA:1 / 2024: FRA:28 / 2025: FRA:5 | Rosane Dubard Berby: 2021: FRA:21 / 2022: FRA:13
athlete_match_110208f9754801d7,medium,possible_existing_athlete_match,Summer van der Hurk,WAG,6719,Summer van den Hurk,NED,0.947,"NED, NED",,,merge as same athlete,,,,NED: 2020 - Create Team Cup (5 results),NED: 2018 - Dutch Team Championships (3 results); 2019 - Dutch Team Championships (5 results); 2019 - FIT Challenge (5 results); 2019 - Gymnova Cup (5 results),Summer van der Hurk: not found 2021-2025 | Summer van den Hurk: 2021: NED:20 / 2022: NED:25 / 2023: NED:5 / 2024: NED:8
athlete_match_e59a000e4fc2f77b,medium,possible_existing_athlete_match,Yelizaveta Hubareva,WAG,7044,Yelyzaveta Hubareva,UKR,0.947,"UKR, UKR",,,merge as same athlete,,,,UKR: 2020 - Ukrainian Championships (5 results),UKR: 2018 - Gym Festival Trnava (6 results); 2018 - Stella Zakharova Cup (12 results); 2019 - European Games Test Event (11 results); 2019 - European Youth Olympic Festival (7 results); 2019 - Gym Festival Trnava (6 results); 2019 - Junior World Championships (5 results); 2019 - Stella Zakharova Cup (6 results); 2019 - Ukrainian Championships (5 results),Yelizaveta Hubareva: 2021: UKR:56 / 2022: UKR:9 / 2023: UKR:21 / 2024: UKR:19 | Yelyzaveta Hubareva: not found 2021-2025
athlete_match_d2306927a1186a29,medium,possible_existing_athlete_match,Dmitriy Tsitsyura,MAG,741,Dmitrii Tsitsyura,RUS,0.941,"RUS, RUS",,,merge as same athlete,,,,RUS: 2020 - Russian Championships (5 results),RUS: 2018 - Russian Junior Championships (14 results); 2019 - Russian Junior Championships (7 results),Dmitriy Tsitsyura: 2021: RUS:7 | Dmitrii Tsitsyura: not found 2021-2025
athlete_match_ee7a7d7a7bbeddab,medium,possible_existing_athlete_match,Hiroto Shinohara,MAG,7659,Hirohito Shinohara,JPN,0.941,"JPN, JPN",,,merge as same athlete,,,,JPN: 2020 - All-Japan Championships (1 results),JPN: 2019 - All-Japan Championships (1 results),Hiroto Shinohara: 2021: JPN:3 | Hirohito Shinohara: not found 2021-2025
athlete_match_fdbafa52c761a6af,medium,possible_existing_athlete_match,Jean Pierre Bruno,MAG,1358,Jean-Pierre Bruno,FRA,0.941,"FRA, FRA",,,merge as same athlete,,,,FRA: 2020 - Top 12 Semi-Final I (2 results); 2020 - Top 12 Series 5 (2 results),FRA: 2018 - Top 12 Semi-Final 1 (2 results); 2018 - Top 12 Semi-Final 2 (3 results); 2018 - Top 12 Series 1 (2 results); 2018 - Top 12 Series 2 (2 results); 2018 - Top 12 Series 4 (2 results); 2018 - Top 12 Series 5 (3 results); 2019 - Top 12 Semi-Final I (2 results); 2019 - Top 12 Semi-Final II (2 results); 2019 - Top 12 Series 1 (2 results); 2019 - Top 12 Series 2 (2 results); 2019 - Top 12 Series 4 (2 results); 2019 - Top 12 Series 5 (2 results),Jean Pierre Bruno: 2021: FRA:3 / 2022: FRA:8 | Jean-Pierre Bruno: not found 2021-2025
athlete_match_7aa853fcac29184a,medium,possible_existing_athlete_match,Nikolai Kishkilev,MAG,2170,Nikolai Kisjkilev,RUS,0.941,"RUS, RUS",,,merge as same athlete,,,,RUS: 2020 - Russian Championships (5 results),RUS: 2018 - Reykjavik International Games (7 results),Nikolai Kishkilev: 2021: RUS:23 / 2022: RUS:15 | Nikolai Kisjkilev: not found 2021-2025
athlete_match_b23f6e34c5161899,medium,possible_existing_athlete_match,Li Yahui,WAG,10185,Liu Yahui,CHN,0.941,"CHN, CHN",,,merge as same athlete,,,,CHN: 2020 - Chinese Championships (5 results),CHN: 2019 - Chinese Championships (3 results),Li Yahui: not found 2021-2025 | Liu Yahui: 2021: CHN:17 / 2022: CHN:5
athlete_match_70da422dd6aae963,medium,possible_existing_athlete_match,Uliana Kuznetsova,WAG,6856,Ulyana Kuznetsova,RUS,0.941,"RUS, RUS",,,merge as same athlete,,,,RUS: 2020 - Voronin Cup (5 results),RUS: 2018 - Russian Junior Championships (5 results); 2019 - Russian Championships (5 results),Uliana Kuznetsova: not found 2021-2025 | Ulyana Kuznetsova: 2021: RUS:13 / 2022: RUS:5 / 2023: RUS:5
athlete_match_c23ba950046cd838,medium,possible_existing_athlete_match,Yella Wagenschein,WAG,11260,Yelia Wagenschein,GER,0.941,"GER, GER",,,merge as same athlete,,,,GER: 2020 - Pre-Olympic Youth Cup (5 results),GER: 2019 - German Junior Cup (5 results),Yella Wagenschein: 2021: GER:13 / 2024: GER:18 / 2025: GER:12 | Yelia Wagenschein: not found 2021-2025
athlete_match_da41541cec6c2b33,medium,possible_existing_athlete_match,Yuliia Kasianenko,WAG,7072,Yuliia Kasyanenko,UKR,0.941,"UKR, UKR",,,merge as same athlete,,,,UKR: 2020 - Ukrainian Youth Championships (5 results),UKR: 2018 - Kiev Open Cup (5 results),Yuliia Kasianenko: 2021: UKR:3 / 2022: UKR:16 / 2024: UKR:1 | Yuliia Kasyanenko: not found 2021-2025
athlete_match_e3c4d7f0b5d56f95,medium,possible_existing_athlete_match,Aleksei Kosyanov,MAG,109,Aleksey Kosyanov,RUS,0.938,"RUS, RUS",,,merge as same athlete,,,,RUS: 2020 - Russian Championships (5 results),RUS: 2018 - Russian Championships (28 results); 2018 - Voronin Cup (2 results); 2019 - Russian Championships (7 results),Aleksei Kosyanov: 2021: RUS:14 | Aleksey Kosyanov: not found 2021-2025
athlete_match_7c053ce6f0b0b3f2,medium,possible_existing_athlete_match,Arkadiusz Bejger,MAG,264,Arkadlusz Bejger,POL,0.938,"POL, POL",,,merge as same athlete,,,,POL: 2020 - Polish Championships (4 results),POL: 2018 - Polish Championships (13 results); 2019 - Polish Championships (10 results); 2019 - Polish Men's Cup (3 results),Arkadiusz Bejger: not found 2021-2025 | Arkadlusz Bejger: not found 2021-2025
athlete_match_61bc3196419089fa,medium,possible_existing_athlete_match,Kévin Antoniotti,MAG,1579,Kevin Antoniotti,FRA,0.938,"FRA, FRA",,,merge as same athlete,,,,FRA: 2020 - Top 12 Series 6 (2 results),FRA: 2018 - French Championships (7 results); 2018 - Top 12 Final (2 results); 2018 - Top 12 Semi-Final 1 (2 results); 2018 - Top 12 Semi-Final 2 (2 results); 2018 - Top 12 Series 2 (3 results); 2018 - Top 12 Series 3 (3 results); 2018 - Top 12 Series 5 (2 results); 2018 - Top 12 Series 6 (2 results); 2019 - DTB Team Challenge (4 results); 2019 - French Championships (9 results); 2019 - Heerenveen Men's Friendly (7 results); 2019 - Top 12 Finals (3 results); 2019 - Top 12 Semi-Final I (2 results); 2019 - Top 12 Semi-Final II (2 results); 2019 - Top 12 Series 2 (2 results); 2019 - Top 12 Series 3 (3 results); 2019 - Top 12 Series 5 (3 results); 2019 - Top 12 Series 6 (3 results),Kévin Antoniotti: not found 2021-2025 | Kevin Antoniotti: 2021: FRA:3
athlete_match_758843c1fdcb5f1f,medium,possible_existing_athlete_match,Volodymyr Grybuk,MAG,2962,Volodymyr Hrybuk,UKR,0.938,"UKR, UKR",,,merge as same athlete,,,,UKR: 2020 - Ukrainian Championships (5 results),UKR: 2018 - Baku World Cup (6 results); 2018 - European Championships (3 results); 2018 - Osijek Challenge Cup (5 results); 2018 - Stella Zakharova Cup (14 results); 2018 - Szombathely Challenge Cup (5 results); 2018 - Top 12 Series 1 (3 results); 2019 - DTB Team Challenge (5 results),Volodymyr Grybuk: not found 2021-2025 | Volodymyr Hrybuk: 2021: UKR:7
athlete_match_d7d19cef6d10332a,medium,possible_existing_athlete_match,Angelina Deineka,WAG,3532,Anhelina Deineka,UKR,0.938,"UKR, UKR",,,merge as same athlete,,,,UKR: 2020 - Ukrainian Championships (1 results),UKR: 2018 - European Championships (5 results); 2019 - Stella Zakharova Cup (7 results); 2019 - Ukrainian Championships (5 results),Angelina Deineka: not found 2021-2025 | Anhelina Deineka: not found 2021-2025
athlete_match_005f9b04a7f2c302,medium,possible_existing_athlete_match,Azuki Kokufugata,WAG,3703,Azuki Kokubugata,JPN,0.938,"JPN, JPN",,,merge as same athlete,,,,JPN: 2020 - WOGA Classic (5 results),JPN: 2018 - All-Japan Event Championships (2 results); 2018 - All-Japan Team Championships (5 results); 2019 - All-Japan Championships (5 results); 2019 - All-Japan Event Championships (4 results); 2019 - All-Japan Junior Championships (5 results); 2019 - All-Japan Team Championships (5 results); 2019 - International Gymnix (7 results),Azuki Kokufugata: 2021: JPN:10 / 2022: JPN:19 / 2023: JPN:18 / 2024: JPN:32 / 2025: JPN:24 | Azuki Kokubugata: not found 2021-2025
athlete_match_fe28ea65a1afff9b,medium,possible_existing_athlete_match,Ece Yagmur Yavus,WAG,4178,Ece Yagmur Yavuz,TUR,0.938,"TUR, TUR",,,merge as same athlete,,,,TUR: 2020 - Turkish Championships (3 results),TUR: 2018 - European Championships (5 results); 2018 - Gym Festival Trnava (5 results); 2018 - Turkish Championships (5 results); 2019 - Gym Festival Trnava (8 results); 2019 - Turkish Championships (2 results),Ece Yagmur Yavus: not found 2021-2025 | Ece Yagmur Yavuz: 2021: TUR:9 / 2022: TUR:6
athlete_match_d91a110548cd0a42,medium,possible_existing_athlete_match,Felicia Vikström,WAG,4483,Felicia Vikstrom,FIN,0.938,"FIN, FIN",,,merge as same athlete,,,,FIN: 2020 - Finnish Championships (5 results),FIN: 2018 - Stella Zakharova Cup (5 results),Felicia Vikström: not found 2021-2025 | Felicia Vikstrom: not found 2021-2025
athlete_match_303eeb6ff1ed7604,medium,possible_existing_athlete_match,Hijiri Haraguchi,WAG,9714,Hijiri Haruguchi,JPN,0.938,"JPN, JPN",,,merge as same athlete,,,,JPN: 2020 - All-Japan Senior Championships (5 results),JPN: 2019 - All-Japan Junior Championships (5 results),Hijiri Haraguchi: not found 2021-2025 | Hijiri Haruguchi: 2021: JPN:10
athlete_match_631487fa7ff83280,medium,possible_existing_athlete_match,Katerina Strinic,WAG,5090,Katarina Strinic,CRO,0.938,"CRO, CRO",,,merge as same athlete,,,,CRO: 2020 - European Championships (5 results),CRO: 2018 - Zelena Jama Open (5 results); 2019 - Salamunov Memorial (7 results),Katerina Strinic: 2023: CRO:3 | Katarina Strinic: not found 2021-2025
athlete_match_0ef1c33c88f23a4d,medium,possible_existing_athlete_match,Aleksei Usachev,MAG,115,Aleksey Usachev,RUS,0.933,"RUS, RUS",,,merge as same athlete,,,,RUS: 2020 - Russian Championships (5 results),RUS: 2018 - Russian Championships (15 results); 2019 - Russian Junior Championships (19 results),Aleksei Usachev: 2021: RUS:7 / 2023: RUS:17 / 2024: RUS:12 | Aleksey Usachev: not found 2021-2025
athlete_match_81ffafd8b273091a,medium,possible_existing_athlete_match,Daisho Ishizawa,MAG,563,Daisho Ishigawa,JPN,0.933,"JPN, JPN",,,merge as same athlete,,,,JPN: 2020 - All-Japan Men's Qualifier (5 results),JPN: 2018 - All-Japan Championships (7 results); 2019 - All-Japan Championships (7 results),Daisho Ishizawa: not found 2021-2025 | Daisho Ishigawa: not found 2021-2025
athlete_match_466213cdf168a38e,medium,possible_existing_athlete_match,Dmitriy Abramov,MAG,736,Dmitrii Abramov,RUS,0.933,"RUS, RUS",,,merge as same athlete,,,,RUS: 2020 - Russian Championships (5 results),RUS: 2018 - Russian Junior Championships (5 results),Dmitriy Abramov: 2022: RUS:4 / 2024: RUS:5 | Dmitrii Abramov: not found 2021-2025
athlete_match_935f2b1f5fd8f16d,medium,possible_existing_athlete_match,Kotaro Suetsugo,MAG,1641,Kotaro Suetsugi,JPN,0.933,"JPN, JPN",,,merge as same athlete,,,,JPN: 2020 - All-Japan Championships (5 results),JPN: 2018 - RD761 Junior International Cup (7 results); 2019 - All-Japan Junior Championships (7 results); 2019 - All-Japan Team Championships (2 results); 2019 - RD761 International Cup (9 results),Kotaro Suetsugo: 2021: JPN:4 / 2022: JPN:4 / 2023: JPN:25 / 2024: JPN:17 / 2025: JPN:48 | Kotaro Suetsugi: 2023: JPN:5
athlete_match_9a7129d4dfd1dcd8,medium,possible_existing_athlete_match,Motohiro Yamada,MAG,2079,Mohohiro Yamada,JPN,0.933,"JPN, JPN",,,merge as same athlete,,,,JPN: 2020 - All-Japan Championships (5 results),JPN: 2018 - All-Japan Team Championships (4 results); 2019 - All-Japan Championships (7 results); 2019 - All-Japan Event Championships (1 results); 2019 - All-Japan Student Championships (7 results),Motohiro Yamada: 2021: JPN:16 / 2022: JPN:7 / 2024: JPN:10 / 2025: JPN:27 | Mohohiro Yamada: not found 2021-2025
athlete_match_1cb17fbe1fa1e6d4,medium,possible_existing_athlete_match,Vladislav Hryko,MAG,2957,Vladyslav Hryko,UKR,0.933,"UKR, UKR",,,merge as same athlete,,,,UKR: 2020 - Ukrainian Championships (5 results),UKR: 2018 - DTB Team Challenge (9 results); 2018 - European Championships (7 results); 2018 - Joaquin Blume Memorial (7 results); 2018 - Osijek Challenge Cup (4 results); 2018 - Paris Challenge Cup (7 results); 2018 - World Championships (7 results); 2019 - 1st Italian Serie A (4 results); 2019 - 3rd Italian Serie A (2 results); 2019 - Baku World Cup (4 results); 2019 - Liukin Invitational (7 results); 2019 - Paris Challenge Cup (6 results); 2019 - Summer Universiade (14 results); 2019 - World Championships (10 results),Vladislav Hryko: not found 2021-2025 | Vladyslav Hryko: 2021: UKR:8 / 2022: UKR:4 / 2023: UKR:4 / 2024: UKR:8 / 2025: UKR:58
athlete_match_2a7206d59306aa49,medium,possible_existing_athlete_match,Wataru Kanigawa,MAG,2979,Wataru Tanigawa,JPN,0.933,"JPN, JPN",,,merge as same athlete,,,,JPN: 2020 - All-Japan Senior Championships (5 results),JPN: 2018 - All-Japan Championships (14 results); 2018 - All-Japan Event Championships (11 results); 2018 - All-Japan Team Championships (4 results); 2018 - NHK Trophy (7 results); 2018 - Tokyo World Cup (7 results); 2018 - Toyota International (4 results); 2018 - World Championships (12 results); 2019 - All-Japan Championships (16 results); 2019 - All-Japan Event Championships (11 results); 2019 - All-Japan Team Championships (3 results); 2019 - NHK Trophy (7 results); 2019 - Summer Universiade (14 results); 2019 - Tokyo World Cup (7 results); 2019 - Toyota International (1 results); 2019 - World Championships (5 results),Wataru Kanigawa: not found 2021-2025 | Wataru Tanigawa: 2021: JPN:48 / 2022: JPN:62 / 2023: JPN:45 / 2024: JPN:50 / 2025: JPN:72
athlete_match_8853b47afd85c6c3,medium,possible_existing_athlete_match,Yoshiki Nakatani,MAG,8797,Yoshi Nakatani,JPN,0.933,"JPN, JPN",,,merge as same athlete,,,,JPN: 2020 - All-Japan Senior Championships (5 results),JPN: 2019 - All-Japan Championships (2 results),Yoshiki Nakatani: 2021: JPN:14 | Yoshi Nakatani: not found 2021-2025
athlete_match_b3efe1e50f981b00,medium,possible_existing_athlete_match,Helmi Tuohimäki,WAG,4714,Helmi Tuohlmäki,FIN,0.933,"FIN, FIN",,,merge as same athlete,,,,FIN: 2020 - 2nd Finnish Euros Trials (2 results); 2020 - Finnish Championships (2 results),FIN: 2018 - Finnish Championships (9 results); 2019 - Finnish Championships (5 results),Helmi Tuohimäki: 2021: FIN:7 / 2022: FIN:3 / 2023: FIN:22 | Helmi Tuohlmäki: not found 2021-2025
athlete_match_0e42bdb2179d5258,medium,possible_existing_athlete_match,Huang Tzu-Hsing,WAG,4743,Huang Tzu Hsing,TPE,0.933,"TPE, TPE",,,merge as same athlete,,,,TPE: 2020 - Taiwan Test Event (5 results),TPE: 2018 - Gymnasiade (5 results); 2019 - Asian Junior Cup (13 results); 2019 - Junior World Championships (7 results),Huang Tzu-Hsing: 2022: TPE:7 / 2023: TPE:1 / 2024: TPE:17 | Huang Tzu Hsing: not found 2021-2025
athlete_match_c93964c60d924328,medium,possible_existing_athlete_match,Laurie Denommée,WAG,5294,Laurie Denommee,CAN,0.933,"CAN, CAN",,,merge as same athlete,,,,CAN: 2020 - Elite Canada (3 results); 2020 - WOGA Classic (2 results),CAN: 2018 - Canadian Championships (14 results); 2018 - Elite Canada (7 results); 2018 - Guimaraes Challenge Cup (12 results); 2018 - Pan American Championships (10 results); 2018 - Szombathely Challenge Cup (12 results); 2018 - Top 12 Final (2 results); 2018 - Top 12 Series 4 (5 results); 2019 - Canadian Championships (10 results); 2019 - Elite Canada (3 results); 2019 - FIT Challenge (5 results); 2019 - International Gymnix (5 results); 2019 - Top 12 Finals (5 results); 2019 - Top 12 Semi-Finals (5 results),Laurie Denommée: 2021: CAN:18 / 2022: CAN:59 / 2023: CAN:5 / 2024: CAN:22 | Laurie Denommee: not found 2021-2025
athlete_match_b7b85b2433282ddb,medium,possible_existing_athlete_match,Okeri Katjivari,WAG,6163,Okeri Katjavari,CAN,0.933,"CAN, CAN",,,merge as same athlete,,,,CAN: 2020 - International Gymnix (5 results),CAN: 2018 - International Gymnix (5 results); 2019 - Canadian Championships (10 results); 2019 - Elite Canada (12 results); 2019 - Junior World Championships (7 results),Okeri Katjivari: not found 2021-2025 | Okeri Katjavari: not found 2021-2025
athlete_match_df33ee4414f375e7,medium,possible_existing_athlete_match,Polina Potapova,WAG,10743,Polina Potalova,RUS,0.933,"RUS, RUS",,,merge as same athlete,,,,RUS: 2020 - Russian Championships (5 results),RUS: 2019 - Russian Junior Championships (11 results),Polina Potapova: not found 2021-2025 | Polina Potalova: not found 2021-2025
athlete_match_f70181b40f71f39a,medium,possible_existing_athlete_match,Aleksei Ryabov,MAG,114,Aleksey Ryabov,RUS,0.929,"RUS, RUS",,,merge as same athlete,,,,RUS: 2020 - Russian Championships (5 results),RUS: 2018 - Dityatin Cup (10 results); 2018 - President's Cup (12 results); 2018 - Russian Championships (15 results); 2018 - Voronin Cup (11 results); 2019 - Voronin Cup (7 results),Aleksei Ryabov: 2021: RUS:14 | Aleksey Ryabov: not found 2021-2025
athlete_match_9df0722418494949,medium,possible_existing_athlete_match,Andrei Lagutov,MAG,205,Andrey Lagutov,RUS,0.929,"RUS, RUS",,,merge as same athlete,,,,RUS: 2020 - Russian Championships (5 results),RUS: 2018 - Russian Championships (22 results); 2018 - Voronin Cup (7 results); 2019 - Russian Championships (7 results),Andrei Lagutov: 2021: RUS:12 / 2022: RUS:29 | Andrey Lagutov: 2023: RUS:7
athlete_match_21148c59fe060a64,medium,possible_existing_athlete_match,Arsen Ovsepyan,MAG,273,Arsen Ovsepyav,RUS,0.929,"RUS, RUS",,,merge as same athlete,,,,RUS: 2020 - Voronin Cup (5 results),RUS: 2018 - Voronin Cup (7 results),Arsen Ovsepyan: not found 2021-2025 | Arsen Ovsepyav: not found 2021-2025
athlete_match_77a584561295dc9b,medium,possible_existing_athlete_match,Daniel Carrion,MAG,676,Dawiel Carrion,ESP,0.929,"ESP, ESP",,,merge as same athlete,,,,ESP: 2020 - Spanish Championships (5 results),ESP: 2018 - International Junior Team Cup (7 results); 2019 - International Junior Team Cup (7 results); 2019 - Mediterranean Championships (8 results),Daniel Carrion: 2021: ESP:9 / 2022: ESP:87 / 2023: ESP:55 / 2024: ESP:35 / 2025: ESP:10 | Dawiel Carrion: not found 2021-2025
athlete_match_b41c9efcd4f497f1,medium,possible_existing_athlete_match,Ilya Vasilenka,MAG,1210,Iliya Vaslenka,BLR,0.929,"BLR, BLR",,,merge as same athlete,,,,BLR: 2020 - Tiger Cup (5 results),BLR: 2018 - Voronin Cup (11 results); 2019 - Barborka Cup (7 results); 2019 - European Games Test Event (7 results),Ilya Vasilenka: 2021: BLR:13 | Iliya Vaslenka: not found 2021-2025
athlete_match_0f1411b4eb7b4640,medium,possible_existing_athlete_match,Matvei Lanskov,MAG,1960,Matvey Lanskov,RUS,0.929,"RUS, RUS",,,merge as same athlete,,,,RUS: 2020 - Tiger Cup (5 results),RUS: 2018 - Dityatin Cup (8 results); 2018 - Russian Junior Championships (14 results),Matvei Lanskov: 2022: RUS:7 | Matvey Lanskov: not found 2021-2025
athlete_match_c178d69c5cba79c9,medium,possible_existing_athlete_match,Matvey Vasilev,MAG,8140,Matvei Vasilev,RUS,0.929,"RUS, RUS",,,merge as same athlete,,,,RUS: 2020 - Russian Championships (5 results),RUS: 2019 - Russian Junior Championships (14 results),Matvey Vasilev: not found 2021-2025 | Matvei Vasilev: not found 2021-2025
athlete_match_65764b84f5f70b4b,medium,possible_existing_athlete_match,Szliard Zavory,MAG,8579,Szilard Zavory,HUN,0.929,"HUN, HUN",,,merge as same athlete,,,,HUN: 2020 - European Championships (5 results),HUN: 2019 - Olympic Hopes Cup (13 results),Szliard Zavory: not found 2021-2025 | Szilard Zavory: 2021: HUN:52 / 2022: HUN:48 / 2023: HUN:49 / 2024: HUN:73 / 2025: HUN:74
athlete_match_a7e51919e003e262,medium,possible_existing_athlete_match,Yunus Gündogdu,MAG,3097,Yunus Gundogdu,TUR,0.929,"TUR, TUR",,,merge as same athlete,,,,TUR: 2020 - Turkish Championships (5 results),TUR: 2018 - Osijek Challenge Cup (3 results); 2018 - Paris Challenge Cup (4 results); 2019 - Cottbus World Cup (2 results); 2019 - DTB Team Challenge (4 results); 2019 - European Championships (7 results); 2019 - Heerenveen Men's Friendly (7 results); 2019 - Mersin Challenge Cup (10 results); 2019 - Osijek Challenge Cup (2 results); 2019 - Stella Zakharova Cup (7 results); 2019 - Turkish Championships (11 results); 2019 - World Championships (5 results),Yunus Gündogdu: 2021: TUR:11 / 2022: TUR:23 / 2023: TUR:33 / 2024: TUR:30 / 2025: TUR:22 | Yunus Gundogdu: not found 2021-2025
athlete_match_90ec32baec20f86f,medium,possible_existing_athlete_match,Yuri Guimarães,MAG,3100,Yuri Guimaraes,BRA,0.929,"BRA, BRA",,,merge as same athlete,,,,BRA: 2020 - RD761 Junior International Cup (5 results),BRA: 2018 - Brazilian Championships (7 results); 2018 - Brazilian Junior Championships (5 results); 2019 - Brazilian Championships (24 results); 2019 - Brazilian Event Championships (8 results); 2019 - International Junior Team Cup (7 results); 2019 - South American Junior Championships (12 results),Yuri Guimarães: 2022: BRA:69 / 2023: BRA:85 / 2024: BRA:44 / 2025: BRA:22 | Yuri Guimaraes: 2021: BRA:38
athlete_match_1f483d37e37f1927,high,possible_existing_athlete_match,Nicole Ferrara,WAG,6090,Nicole Ferrera,GBR,0.929,"GBR, ITA",,,keep separate,,,,ITA: 2020 - Italian Gold Junior Championships (5 results),GBR: 2018 - British Team Championships (5 results); 2019 - British Team Championships (5 results),"Nicole Ferrara: 2021: ITA:6 / 2022: ITA:5 / 2023: AUT:12, ITA:6 | Nicole Ferrera: not found 2021-2025"
athlete_match_8cd818a08c48f8f0,medium,possible_existing_athlete_match,Eetu Kujampää,MAG,7494,Eetu Kujanpää,FIN,0.923,"FIN, FIN",,,merge as same athlete,,,,FIN: 2020 - 2nd Finnish Euros Trials (5 results),FIN: 2019 - Finnish Championships (4 results); 2019 - Mälar Cup (7 results),Eetu Kujampää: not found 2021-2025 | Eetu Kujanpää: 2021: FIN:12 / 2022: FIN:35 / 2023: FIN:21 / 2024: FIN:3 / 2025: FIN:12
athlete_match_aa78fcd98d5ad704,medium,possible_existing_athlete_match,Ilya Lyubimov,MAG,1216,Ilya Lyubinov,RUS,0.923,"RUS, RUS",,,merge as same athlete,,,,RUS: 2020 - Voronin Cup (3 results),RUS: 2018 - Russian Championships (15 results); 2019 - Russian Championships (7 results),Ilya Lyubimov: not found 2021-2025 | Ilya Lyubinov: not found 2021-2025
athlete_match_92b8b1c9b99531f8,medium,possible_existing_athlete_match,Nico Olivieri,MAG,2137,Nico Oliveiri,ITA,0.923,"ITA, ITA",,,merge as same athlete,,,,ITA: 2020 - 1st Italian Serie A (3 results); 2020 - 3rd Italian Serie A (2 results),ITA: 2018 - 1st Italian Serie A (4 results); 2018 - 2nd Italian Serie A (3 results); 2018 - 3rd Italian Serie A (3 results); 2019 - 1st Italian Serie A (4 results); 2019 - 2nd Italian Serie A (4 results); 2019 - 3rd Italian Serie A (4 results),Nico Olivieri: 2021: ITA:7 / 2023: ITA:1 | Nico Oliveiri: 2022: ITA:1
athlete_match_3f4438b99236add7,medium,possible_existing_athlete_match,Tam Jambrisko,MAG,2810,Tim Jambrisko,SLO,0.923,"SLO, SLO",,,merge as same athlete,,,,SLO: 2020 - European Championships (5 results),SLO: 2018 - Austrian Team Open (7 results); 2018 - European Championships (7 results); 2019 - European Youth Olympic Festival (9 results); 2019 - Larisa Latynina Cup (7 results); 2019 - Salamunov Memorial (16 results),Tam Jambrisko: not found 2021-2025 | Tim Jambrisko: not found 2021-2025
athlete_match_7b2341ceb32ec2c1,medium,possible_existing_athlete_match,Yudai Yamamoto,MAG,557,Dai Yamamoto,JPN,0.923,"JPN, JPN",,,merge as same athlete,,,,JPN: 2020 - All-Japan Student Championships (5 results),JPN: 2018 - All-Japan Event Championships (1 results); 2019 - All-Japan Championships (1 results),Yudai Yamamoto: not found 2021-2025 | Dai Yamamoto: not found 2021-2025
athlete_match_9e58780843a6658c,medium,possible_existing_athlete_match,Zélie Bernard,WAG,7089,Zelie Bernard,FRA,0.923,"FRA, FRA",,,merge as same athlete,,,,FRA: 2020 - Top 12 Series 3 (5 results),FRA: 2018 - Elite Gym Massilia (5 results); 2018 - French Championships (5 results); 2018 - Top 12 Series 3 (3 results); 2018 - Top 12 Series 4 (3 results); 2019 - Elite Gym Massilia (5 results); 2019 - French Championships (5 results); 2019 - Top 12 Semi-Finals (5 results); 2019 - Top 12 Series 1 (5 results); 2019 - Top 12 Series 3 (1 results),Zélie Bernard: 2021: FRA:15 | Zelie Bernard: not found 2021-2025
athlete_match_63662d7e62ad34fc,medium,possible_existing_athlete_match,Abdelrahman Elgamal,MAG,7141,Abdelrahim Elgamal,TUR,0.919,"TUR, TUR",,,merge as same athlete,,,,TUR: 2020 - European Championships (5 results),TUR: 2019 - Turkish Championships (11 results),Abdelrahman Elgamal: not found 2021-2025 | Abdelrahim Elgamal: not found 2021-2025
athlete_match_05b8a37d91661c9c,medium,possible_existing_athlete_match,Ivan Skhurov,MAG,1253,Ivan Shkurov,RUS,0.917,"RUS, RUS",,,merge as same athlete,,,,RUS: 2020 - Russian Championships (5 results),RUS: 2018 - Russian Junior Championships (19 results); 2019 - Russian Junior Championships (15 results),Ivan Skhurov: not found 2021-2025 | Ivan Shkurov: 2023: RUS:5
athlete_match_7d2925174261f26e,medium,possible_existing_athlete_match,Jan Carreres,MAG,7762,Jan Carreras,ESP,0.917,"ESP, ESP",,,merge as same athlete,,,,ESP: 2020 - Spanish Championships (5 results),ESP: 2019 - Mediterranean Championships (7 results),Jan Carreres: 2021: ESP:7 / 2022: ESP:7 / 2023: ESP:26 / 2024: ESP:25 | Jan Carreras: not found 2021-2025
athlete_match_6b80ba2664aba324,medium,possible_existing_athlete_match,Léo Saladino,MAG,1684,Leo Saladino,FRA,0.917,"FRA, FRA",,,merge as same athlete,,,,FRA: 2020 - Top 12 Series 6 (3 results),FRA: 2018 - European Championships (4 results); 2018 - French Championships (7 results); 2018 - Gymnasiade (11 results); 2018 - Olympic Hopes Cup (15 results); 2018 - Top 12 Semi-Final 1 (3 results); 2018 - Top 12 Semi-Final 2 (3 results); 2018 - Top 12 Series 1 (3 results); 2018 - Top 12 Series 2 (3 results); 2018 - Top 12 Series 4 (3 results); 2018 - Top 12 Series 5 (3 results); 2018 - Youth Olympic Games Qualifier (7 results); 2019 - European Youth Olympic Festival (16 results); 2019 - French Championships (8 results); 2019 - International Junior Team Cup (8 results); 2019 - Junior World Championships (12 results); 2019 - Top 12 Series 1 (3 results); 2019 - Top 12 Series 3 (3 results); 2019 - Top 12 Series 4 (3 results); 2019 - Top 12 Series 5 (3 results),Léo Saladino: 2021: FRA:4 / 2022: FRA:89 / 2023: FRA:71 / 2024: FRA:64 / 2025: FRA:77 | Leo Saladino: 2021: FRA:22 / 2022: FRA:17
athlete_match_365b878561ef4cb4,medium,possible_existing_athlete_match,Nikolas Alho,MAG,8256,Nikolas Aiho,FIN,0.917,"FIN, FIN",,,merge as same athlete,,,,FIN: 2020 - Finnish Championships (5 results),FIN: 2019 - Finnish Championships (13 results),Nikolas Alho: not found 2021-2025 | Nikolas Aiho: not found 2021-2025
athlete_match_1511a0e42e291ae6,medium,possible_existing_athlete_match,Carola Silva,WAG,9273,Carola Silvi,ITA,0.917,"ITA, ITA",,,merge as same athlete,,,,ITA: 2020 - 1st Italian Serie A (2 results),ITA: 2019 - 1st Italian Serie A (3 results); 2019 - 3rd Italian Serie A (1 results),Carola Silva: not found 2021-2025 | Carola Silvi: not found 2021-2025
athlete_match_e05a420096c103af,medium,possible_existing_athlete_match,Karyna Almiz,WAG,5067,Karina Almiz,UKR,0.917,"UKR, UKR",,,merge as same athlete,,,,UKR: 2020 - Ukrainian Championships (5 results),UKR: 2018 - Ukraine Cup (8 results),Karyna Almiz: not found 2021-2025 | Karina Almiz: not found 2021-2025
athlete_match_b6e418bb6351db61,medium,possible_existing_athlete_match,Neus Batalia,WAG,6069,Neus Batalla,ESP,0.917,"ESP, ESP",,,merge as same athlete,,,,ESP: 2020 - 2nd Spanish League (5 results),ESP: 2018 - 3rd Spanish League (5 results); 2019 - Spanish League Finals (5 results); 2020 - 1st Spanish League (2020 season) (5 results),Neus Batalia: not found 2021-2025 | Neus Batalla: 2021: ESP:5 / 2022: ESP:6
athlete_match_0f6b7032340f945f,high,possible_existing_athlete_match,Solja Müller,WAG,11012,Solja Muller,FAR,0.917,"DEN, FAR",,,merge as same athlete,canonical country,DEN,,DEN: 2020 - Danish Championships (5 results),FAR: 2019 - Mälar Cup (5 results),Solja Müller: 2021: DEN:14 | Solja Muller: not found 2021-2025
athlete_match_ff2f421b86b261e7,medium,possible_existing_athlete_match,Ceng Jiajun,MAG,3125,Zeng Jiajun,CHN,0.909,"CHN, CHN",,,merge as same athlete,,,,CHN: 2020 - Chinese Championships (5 results),CHN: 2018 - Chinese Championships (4 results); 2018 - Chinese Individual Championships (2 results); 2019 - Chinese Championships (3 results); 2019 - Chinese Individual Championships (3 results),Ceng Jiajun: not found 2021-2025 | Zeng Jiajun: 2021: CHN:13
athlete_match_d3414213dbd472de,medium,possible_existing_athlete_match,Inès Martel,WAG,9762,Ines Martel,FRA,0.909,"FRA, FRA",,,merge as same athlete,,,,FRA: 2020 - Top 12 Series 3 (1 results),FRA: 2019 - Elite Gym Massilia (5 results); 2019 - Sarreguemines Cup (5 results); 2019 - Top 12 Series 1 (1 results),Inès Martel: not found 2021-2025 | Ines Martel: not found 2021-2025
athlete_match_c28c651cf0e1552b,medium,possible_existing_athlete_match,Wang Jiahui,WAG,6984,Wang Jiarui,CHN,0.909,"CHN, CHN",,,merge as same athlete,,,,CHN: 2020 - Chinese Individual Championships (5 results),CHN: 2018 - Chinese Championships (3 results); 2018 - Chinese Individual Championships (2 results); 2019 - Chinese Individual Championships (11 results); 2019 - Chinese Junior Championships (6 results); 2019 - Chinese National Youth Games (6 results),Wang Jiahui: 2021: CHN:5 / 2022: CHN:3 / 2023: CHN:10 / 2024: CHN:1 / 2025: CHN:5 | Wang Jiarui: not found 2021-2025
athlete_match_7a482e03df1fa322,medium,possible_existing_athlete_match,Adriana de Campos,WAG,3191,Adriana Campos,ESP,0.903,"ESP, ESP",,,merge as same athlete,,,,ESP: 2020 - 2nd Spanish League (3 results),ESP: 2018 - 2nd Spanish League (2 results); 2019 - 1st Spanish League (2 results); 2019 - 3rd Spanish League (2 results); 2019 - Spanish League Finals (2 results); 2020 - 1st Spanish League (2020 season) (3 results),Adriana de Campos: not found 2021-2025 | Adriana Campos: not found 2021-2025
athlete_match_a794320970fbb2bc,medium,possible_existing_athlete_match,Diego Paes,MAG,726,Diogo Paes,BRA,0.9,"BRA, BRA",,,merge as same athlete,,,,BRA: 2020 - RD761 Junior International Cup (5 results),BRA: 2018 - Brazilian Junior Championships (11 results); 2018 - Gymnasiade (2 results); 2019 - Brazilian Championships (18 results),Diego Paes: not found 2021-2025 | Diogo Paes: 2021: BRA:28 / 2022: BRA:23 / 2023: BRA:27 / 2024: BRA:16 / 2025: BRA:25
athlete_match_e59a8953859f2900,medium,possible_existing_athlete_match,Gui Qiulin,MAG,1081,Guo Qiulin,CHN,0.9,"CHN, CHN",,,merge as same athlete,,,,CHN: 2020 - Chinese Championships (1 results),CHN: 2018 - Chinese Championships (4 results); 2019 - Chinese Championships (7 results); 2019 - Chinese Individual Championships (4 results),Gui Qiulin: not found 2021-2025 | Guo Qiulin: 2021: CHN:21
athlete_match_f0fc5abe28ce42e4,medium,possible_existing_athlete_match,Jumpei Oka,MAG,1510,Junpei Oka,JPN,0.9,"JPN, JPN",,,merge as same athlete,,,,JPN: 2020 - Liukin Invitational (5 results),JPN: 2018 - All-Japan Championships (14 results); 2018 - All-Japan Event Championships (2 results); 2018 - All-Japan Team Championships (3 results); 2018 - NHK Trophy (7 results); 2019 - All-Japan Championships (14 results); 2019 - All-Japan Team Championships (4 results); 2019 - Asian Championships (6 results); 2019 - NHK Trophy (7 results),Jumpei Oka: not found 2021-2025 | Junpei Oka: 2021: JPN:23
athlete_match_04029478440958d4,medium,possible_existing_athlete_match,Reo Kurata,MAG,7997,Leo Kurata,JPN,0.9,"JPN, JPN",,,merge as same athlete,,,,JPN: 2020 - RD761 Junior International Cup (5 results),JPN: 2019 - All-Japan Championships (1 results); 2019 - All-Japan Junior Championships (7 results); 2019 - All-Japan Team Championships (3 results),Reo Kurata: 2021: JPN:7 / 2023: JPN:7 | Leo Kurata: 2021: JPN:1 / 2022: JPN:7
athlete_match_51d134efc34c2f7d,high,possible_existing_athlete_match,Zoe Hiller,WAG,11334,Zoe Miller,USA,0.9,"GER, USA",,,keep separate,,,,GER: 2020 - German Junior Championships (5 results),USA: 2019 - American Classic (5 results); 2019 - Parkettes National Qualifier (5 results); 2019 - U.S. Championships D1 (5 results); 2019 - U.S. Championships D2 (5 results); 2019 - U.S. Classic (5 results),Zoe Hiller: 2024: GER:3 | Zoe Miller: 2021: USA:35 / 2022: USA:30 / 2023: USA:45
athlete_match_fe5afaa221d5d8bd,medium,possible_existing_athlete_match,Antonio Quetglas,MAG,2849,Toni Quetglas,ESP,0.897,"ESP, ESP",,,merge as same athlete,,,,ESP: 2020 - Spanish Championships (5 results),ESP: 2018 - Sokol Grand Prix (4 results); 2018 - Spanish Championships (7 results); 2019 - Spanish Championships (7 results),Antonio Quetglas: not found 2021-2025 | Toni Quetglas: 2022: ESP:5
athlete_match_64deafd43ab79e19,medium,possible_existing_athlete_match,Arkadiy Poltev,MAG,263,Arkadii Poltyev,RUS,0.897,"RUS, RUS",,,merge as same athlete,,,,RUS: 2020 - Russian Championships (5 results),RUS: 2018 - Russian Junior Championships (14 results); 2019 - Russian Junior Championships (15 results),Arkadiy Poltev: 2022: RUS:10 | Arkadii Poltyev: not found 2021-2025
athlete_match_fbdf7259aa626d03,medium,possible_existing_athlete_match,Artem Pleshkin,MAG,289,Artyom Pleshkin,RUS,0.897,"RUS, RUS",,,merge as same athlete,,,,RUS: 2020 - Voronin Cup (5 results),RUS: 2018 - Russian Championships (34 results); 2019 - Larisa Latynina Cup (11 results); 2019 - Russian Championships (17 results); 2019 - Russian Cup (3 results); 2019 - Voronin Cup (10 results),Artem Pleshkin: not found 2021-2025 | Artyom Pleshkin: 2021: RUS:18 / 2022: RUS:17 / 2023: RUS:19 / 2024: RUS:14 / 2025: RUS:7
athlete_match_addbd19fbd5a39cf,medium,possible_existing_athlete_match,Artem Smetanin,MAG,7267,Artyom Smetanin,RUS,0.897,"RUS, RUS",,,merge as same athlete,,,,RUS: 2020 - Voronin Cup (5 results),RUS: 2019 - Voronin Cup (9 results),Artem Smetanin: not found 2021-2025 | Artyom Smetanin: 2023: RUS:28 / 2024: RUS:7
athlete_match_276aa7a173731fb4,medium,possible_existing_athlete_match,Hirohito Kohama,MAG,1147,Hirohito Obama,JPN,0.897,"JPN, JPN",,,merge as same athlete,,,,JPN: 2020 - All-Japan Championships (1 results); 2020 - All-Japan Senior Championships (3 results),JPN: 2018 - All-Japan Event Championships (2 results); 2018 - NHK Trophy (1 results); 2019 - All-Japan Championships (7 results); 2019 - All-Japan Event Championships (3 results); 2019 - Guimaraes Challenge Cup (4 results),Hirohito Kohama: 2021: JPN:5 / 2022: JPN:8 / 2023: JPN:3 | Hirohito Obama: not found 2021-2025
athlete_match_0282a1e521cedb00,medium,possible_existing_athlete_match,Keitaro Yamamoto,MAG,7499,Eito Yamamoto,JPN,0.897,"JPN, JPN",,,keep separate,,,,JPN: 2020 - All-Japan Men's Qualifier (5 results),JPN: 2019 - All-Japan Championships (1 results),Keitaro Yamamoto: 2021: JPN:2 | Eito Yamamoto: 2021: JPN:8 / 2022: JPN:7 / 2023: JPN:7 / 2024: JPN:8 / 2025: JPN:2
athlete_match_be59a57bc833537a,medium,possible_existing_athlete_match,Djeneba Barro Vela,WAG,4156,Djenebba Barro-Vella,FRA,0.895,"FRA, FRA",,,merge as same athlete,,,,FRA: 2020 - Top 12 Series 3 (1 results),FRA: 2018 - Tournoi International (5 results),Djeneba Barro Vela: 2021: FRA:3 / 2024: FRA:5 | Djenebba Barro-Vella: not found 2021-2025
athlete_match_56174ed38213e359,medium,possible_existing_athlete_match,Tatsuki Tanaka,MAG,1241,Itsuki Tanaka,JPN,0.889,"JPN, JPN",,,merge as same athlete,,,,JPN: 2020 - All-Japan Senior Championships (5 results),JPN: 2018 - NHK Trophy (1 results); 2019 - All-Japan Championships (14 results); 2019 - All-Japan Student Championships (8 results); 2019 - Asian Championships (4 results); 2019 - NHK Trophy (7 results),Tatsuki Tanaka: 2021: JPN:10 | Itsuki Tanaka: not found 2021-2025
athlete_match_d60f40f5163434b6,medium,possible_existing_athlete_match,Hana Akaho,WAG,4667,Hana Ako,JPN,0.889,"JPN, JPN",,,merge as same athlete,,,,JPN: 2020 - All-Japan Senior Championships (3 results),JPN: 2018 - All-Japan Team Championships (3 results); 2019 - All-Japan Team Championships (3 results); 2019 - Zhaoqing Challenge Cup (6 results),Hana Akaho: 2024: JPN:5 | Hana Ako: not found 2021-2025
athlete_match_2108a12f1e94f304,medium,possible_existing_athlete_match,He Zixuan,WAG,4703,He Yixuan,CHN,0.889,"CHN, CHN",,,merge as same athlete,,,,CHN: 2020 - Chinese Individual Championships (5 results),CHN: 2018 - Chinese Junior Championships (13 results); 2019 - Chinese Championships (5 results); 2019 - Chinese Junior Championships (5 results); 2019 - Chinese National Youth Games (8 results),He Zixuan: 2021: CHN:2 | He Yixuan: not found 2021-2025
athlete_match_c587059c62dc6e1a,medium,possible_existing_athlete_match,Kyoka Akiyama,WAG,10056,Kyoka Wakayama,JPN,0.889,"JPN, JPN",,,keep separate,,,,JPN: 2020 - All-Japan Senior Championships (5 results),JPN: 2019 - All-Japan Junior Championships (5 results),Kyoka Akiyama: 2021: JPN:5 | Kyoka Wakayama: 2021: JPN:5 / 2023: JPN:5
athlete_match_48cbbc9c6cb2bf42,medium,possible_existing_athlete_match,Liu Sijia,WAG,5358,Li Shijia,CHN,0.889,"CHN, CHN",,,merge as same athlete,,,,CHN: 2020 - Chinese Individual Championships (5 results),CHN: 2018 - Chinese Championships (15 results); 2018 - City of Jesolo Trophy (2 results); 2018 - WOGA Classic (5 results); 2019 - Chinese Championships (11 results); 2019 - World Championships (13 results); 2019 - Zhaoqing Challenge Cup (4 results),Liu Sijia: not found 2021-2025 | Li Shijia: 2021: CHN:18
athlete_match_d076532ccaed587c,medium,possible_existing_athlete_match,Liu Xinyu,WAG,5451,Liu Xinyi,CHN,0.889,"CHN, CHN",,,merge as same athlete,,,,CHN: 2020 - Chinese Individual Championships (5 results),CHN: 2018 - Chinese Junior Championships (13 results),Liu Xinyu: 2022: CHN:4 / 2024: CHN:2 / 2025: CHN:7 | Liu Xinyi: not found 2021-2025
athlete_match_4c16e98d63e05fc7,medium,possible_existing_athlete_match,Nao Kobayashi,WAG,5038,Kaho Kobayashi,JPN,0.889,"JPN, JPN",,,keep separate,,,Auto-applied rule same_context_different_score_keep_separate after post-decision conflicts: Nao Kobayashi and Kaho Kobayashi have same event/result contexts with different scores.,JPN: 2020 - All-Japan Student Championships (5 results),JPN: 2018 - All-Japan Team Championships (3 results); 2019 - All-Japan Championships (5 results),Nao Kobayashi: not found 2021-2025 | Kaho Kobayashi: not found 2021-2025
athlete_match_915b0001f2a1df0e,medium,possible_existing_athlete_match,Nisa Herrmann,WAG,7010,Xenia Herrmann,GER,0.889,"GER, GER",,,merge as same athlete,,,,GER: 2020 - German Junior Championships (5 results),GER: 2018 - 1st Bundesliga (5 results); 2018 - 2nd Bundesliga (5 results); 2018 - 3rd Bundesliga (5 results); 2018 - German Junior Championships (5 results); 2019 - 1st Bundesliga (2 results); 2019 - 2nd Bundesliga (3 results); 2019 - 3rd Bundesliga (2 results); 2019 - 4th Bundesliga (2 results); 2019 - German Junior Championships (6 results); 2019 - German Junior Cup (5 results),Nisa Herrmann: not found 2021-2025 | Xenia Herrmann: not found 2021-2025
athlete_match_26c74600f1b86308,medium,possible_existing_athlete_match,Wu Junjie,WAG,11237,Wu Jinjie,CHN,0.889,"CHN, CHN",,,merge as same athlete,,,,CHN: 2020 - Chinese Individual Championships (5 results),CHN: 2019 - Chinese Junior Championships (5 results),Wu Junjie: 2021: CHN:5 / 2022: CHN:5 / 2023: CHN:7 / 2025: CHN:3 | Wu Jinjie: not found 2021-2025
athlete_match_b2cb5ae19b2f433a,medium,possible_existing_athlete_match,Mustafa Kücükyildiz,MAG,8207,Mustafa Emir Kücükyildiz,TUR,0.884,"TUR, TUR",,,merge as same athlete,,,,TUR: 2020 - Turkish Championships (3 results),TUR: 2019 - Turkish Championships (7 results),Mustafa Kücükyildiz: not found 2021-2025 | Mustafa Emir Kücükyildiz: not found 2021-2025
athlete_match_dfca00021f785283,medium,possible_existing_athlete_match,Beatrice Iona Stregapede,WAG,9216,Beatrice Stregapede,ITA,0.884,"ITA, ITA",,,merge as same athlete,,,,ITA: 2020 - Italian Serie A Final Six (1 results),ITA: 2019 - Italian Gold Championships (5 results); 2019 - Krstic & Delatovic Memorial (7 results),Beatrice Iona Stregapede: not found 2021-2025 | Beatrice Stregapede: not found 2021-2025
athlete_match_dade91c6bad3d721,medium,possible_existing_athlete_match,Alessandro Corso,MAG,7189,Alessandro Corrado,ITA,0.882,"ITA, ITA",,,keep separate,,,,ITA: 2020 - 1st Italian Serie A (2 results); 2020 - 2nd Italian Serie A (3 results),ITA: 2019 - 3rd Italian Serie A (1 results),Alessandro Corso: 2021: ITA:19 | Alessandro Corrado: 2021: ITA:13 / 2022: ITA:8 / 2023: ITA:12 / 2024: ITA:18 / 2025: ITA:19
athlete_match_95563b9532472671,medium,possible_existing_athlete_match,Frida Friedländer,WAG,4491,Finia Friedländer,GER,0.882,"GER, GER",,,merge as same athlete,,,,GER: 2020 - 1st Bundesliga (3 results),GER: 2018 - 1st Bundesliga (2 results); 2018 - 2nd Bundesliga (2 results); 2018 - 3rd Bundesliga (3 results); 2018 - 4th Bundesliga (2 results); 2018 - German Junior Championships (5 results); 2019 - 1st Bundesliga (5 results); 2019 - 2nd Bundesliga (5 results); 2019 - 3rd Bundesliga (2 results); 2019 - 4th Bundesliga (1 results),Frida Friedländer: not found 2021-2025 | Finia Friedländer: 2021: GER:18 / 2022: GER:15 / 2023: GER:18 / 2024: GER:9 / 2025: GER:3
athlete_match_9458ab4a78fab58d,medium,possible_existing_athlete_match,Alexey Lunev,MAG,111,Aleksey Lunev,RUS,0.88,"RUS, RUS",,,merge as same athlete,,,,RUS: 2020 - Voronin Cup (5 results),RUS: 2018 - Voronin Cup (7 results); 2019 - Russian Junior Championships (20 results); 2019 - Voronin Cup (10 results),Alexey Lunev: not found 2021-2025 | Aleksey Lunev: not found 2021-2025
athlete_match_24668076469467f1,medium,possible_existing_athlete_match,Artem Kozlov,MAG,288,Artyom Kozlov,RUS,0.88,"RUS, RUS",,,merge as same athlete,,,,RUS: 2020 - Russian Championships (5 results),RUS: 2018 - Russian Championships (14 results); 2018 - Voronin Cup (7 results); 2019 - Russian Junior Championships (18 results); 2019 - Voronin Cup (7 results),Artem Kozlov: not found 2021-2025 | Artyom Kozlov: not found 2021-2025
athlete_match_1f2ee27f191bb644,medium,possible_existing_athlete_match,Artem Ryndin,MAG,290,Artyom Ryndin,RUS,0.88,"RUS, RUS",,,merge as same athlete,,,,RUS: 2020 - Russian Championships (3 results),RUS: 2018 - Russian Junior Championships (18 results); 2018 - Voronin Cup (7 results),Artem Ryndin: not found 2021-2025 | Artyom Ryndin: not found 2021-2025
athlete_match_5c788e2633ab1ea9,medium,possible_existing_athlete_match,Inês Soalhães,WAG,9765,Ines Solhães,POR,0.88,"POR, POR",,,merge as same athlete,,,,POR: 2020 - Portuguese Open (3 results),POR: 2019 - International GymSport (7 results),Inês Soalhães: not found 2021-2025 | Ines Solhães: not found 2021-2025
athlete_match_48afd72993a90f0d,medium,possible_existing_athlete_match,Marta Plomer,WAG,5776,Marina Plomer,ESP,0.88,"ESP, ESP",,,merge as same athlete,,,,ESP: 2020 - 2nd Spanish League (5 results),ESP: 2018 - 1st Bundesliga (2 results); 2018 - 1st Spanish League (2 results); 2018 - 2nd Spanish League (3 results); 2018 - 3rd Bundesliga (1 results); 2018 - 3rd Spanish League (5 results); 2018 - Mallorca Cup (3 results); 2018 - Spanish Championships (5 results); 2018 - Top 12 Series 4 (3 results); 2019 - 1st Spanish League (1 results); 2019 - 2nd Spanish League (1 results); 2019 - 3rd Spanish League (1 results); 2019 - Spanish Championships (1 results); 2020 - 1st Spanish League (2020 season) (2 results),Marta Plomer: 2021: ESP:13 / 2022: ESP:27 / 2023: ESP:16 / 2024: ESP:20 | Marina Plomer: not found 2021-2025
