review_id,review_priority,problem_type,athlete_name,discipline,suggested_existing_athlete,suggested_existing_country,suggestion_confidence,collision_countries,results_2021_by_country,future_country_evidence,recommended_action,learned_rule_id,decision,action,country,notes
athlete_identity_collision_eab7d10fa6fb37f2,high,possible_athlete_identity_collision,Ewan McAteer,MAG,Ewan McAteer,IRL,1.0,"GBR, IRL",GBR: 2021 - British Championships (3 results) | IRL: 2021 - Northern European Championships (5 results),Ewan McAteer: 2022: IRL:39 / 2024: IRL:11,,,,,,
athlete_identity_collision_f3092660b4d9f021,high,possible_athlete_identity_collision,Kohei Kameyama,MAG,Kohei Kameyama,JPN,1.0,"JPN, RUS",JPN: 2021 - All-Japan Championships (2 results); 2021 - All-Japan Event Championships (1 results); 2021 - Doha World Cup (2 results) | RUS: 2021 - Olympic Games (1 results),Kohei Kameyama: not found 2022-2025,,,,,,
athlete_identity_collision_130877824b12c740,high,possible_athlete_identity_collision,Berta Schwaninger,WAG,Berta Schwaninger,AUT,1.0,"AUT, GER",AUT: 2021 - Austrian Championships (5 results) | GER: 2021 - 1st Bundesliga (5 results),Berta Schwaninger: 2022: AUT:15 / 2023: AUT:8,,,,,,
athlete_identity_collision_08a262e04d69d230,high,possible_athlete_identity_collision,Max Doppelbauer,MAG,Max Doppelbauer,NED,1.0,"GER, NED",GER: 2021 - Bundesliga Promotion Match (3 results) | NED: 2021 - Wase Gymcup (2 results),"Max Doppelbauer: 2022: GER:3, NED:27 / 2023: NED:3",,,,,,
athlete_identity_collision_9e605eb606be0c9b,high,possible_athlete_identity_collision,Marton Kovacs,MAG,Marton Kovacs,HUN,1.0,"HUN, SUI",HUN: 2021 - Hungarian Masters Championships (5 results) | SUI: 2021 - 5th Bundesliga (3 results); 2021 - Swiss Championships (2 results),"Marton Kovacs: 2022: HUN:33, SUI:5 / 2023: HUN:40 / 2024: HUN:7 / 2025: HUN:7",,,,,,
athlete_identity_collision_9224bf0fb3eb6ad2,high,possible_athlete_identity_collision,Nabil Zouhair,MAG,Nabil Zouhair,FRA,1.0,"FRA, MAR",FRA: 2021 - Top 12 Championships (4 results) | MAR: 2021 - African Championships (5 results),Nabil Zouhair: 2022: MAR:26,,,,,,
athlete_identity_collision_83326483e75bd109,high,possible_athlete_identity_collision,Michael O'Neill,MAG,Michael O'Neill,IRL,1.0,"GBR, IRL",GBR: 2021 - British Championships (3 results) | IRL: 2021 - Northern European Championships (2 results),"Michael O'Neill: 2022: GBR:4, IRL:4 / 2023: IRL:7 / 2024: GBR:14, IRL:13 / 2025: GBR:3, IRL:2",,,,,,
athlete_identity_collision_93edb8bb42db72f5,high,possible_athlete_identity_collision,Sophie Parenti,WAG,Sophie Parenti,USA,1.0,"CAN, USA",CAN: 2021 - Canadian Technical Trial 2 (5 results) | USA: 2021 - Brestyan's National Qualifier (5 results),Sophie Parenti: 2022: CAN:20 / 2023: CAN:20,,,,,,
athlete_identity_collision_395afa5ca0ecd683,high,possible_athlete_identity_collision,Marco Lodadio,MAG,Marco Lodadio,ITA,1.0,"GER, ITA",GER: 2021 - German Olympic Trials (1 results) | ITA: 2021 - Italian Championships (2 results); 2021 - Olympic Games (1 results); 2021 - World Championships (2 results),Marco Lodadio: 2022: ITA:18 / 2023: ITA:30 / 2024: ITA:19,,,,,,
athlete_identity_collision_63cc94dd25ca54a7,high,possible_athlete_identity_collision,Logan Curtis,MAG,,,,"BAN, NZL",BAN: 2021 - New Zealand Championships (1 results) | NZL: 2021 - New Zealand Championships (1 results),Logan Curtis: 2024: NZL:20 / 2025: NZL:11,,,,,,
athlete_identity_collision_25f118c0e13fd27c,high,possible_athlete_identity_collision,Nunzia Dercenno,WAG,Nunzia Dercenno,ITA,1.0,"ESP, ITA",ESP: 2021 - 2nd Spanish League (1 results) | ITA: 2021 - Italian Gold Championships (5 results),"Nunzia Dercenno: 2022: ESP:3, ITA:19 / 2023: ESP:3, ITA:18 / 2024: ITA:68 / 2025: ITA:41",,,,,,
athlete_identity_collision_a625d4ccb34cee1e,high,possible_athlete_identity_collision,Isaac Denny,MAG,Isaac Denny,NZL,1.0,"BAN, NZL",BAN: 2021 - New Zealand Championships (4 results) | NZL: 2021 - New Zealand Championships (4 results),Isaac Denny: not found 2022-2025,,,,,,
athlete_identity_collision_709ab8b62dd795c3,high,possible_athlete_identity_collision,Dirk Kathan,MAG,Dirk Kathan,AUT,1.0,"AUT, GER",AUT: 2021 - Austrian Championships (1 results) | GER: 2021 - Bundesliga Promotion Match (1 results),Dirk Kathan: 2023: AUT:1,,,,,,
athlete_identity_collision_98b65f3865315958,high,possible_athlete_identity_collision,Soley Gudmundsdottir,WAG,Soley Gudmundsdottir,ISL,1.0,"ISL, SWE",ISL: 2021 - GK Championships (5 results) | SWE: 2021 - Mälar Cup (3 results),Soley Gudmundsdottir: 2025: ISL:8,,,,,,
athlete_identity_collision_681dd13ced8046a3,high,possible_athlete_identity_collision,Rory Quinn,MAG,,,,"BAN, NZL",BAN: 2021 - New Zealand Championships (5 results) | NZL: 2021 - New Zealand Championships (5 results),Rory Quinn: 2023: NZL:5 / 2024: NZL:12 / 2025: NZL:2,,,,,,
athlete_identity_collision_d3a84282aa211033,high,possible_athlete_identity_collision,Celine Kusters,WAG,Celine Kusters,NED,1.0,"BEL, NED",BEL: 2021 - Tournoi International (5 results) | NED: 2021 - 2nd Dutch Olympic Trials (5 results),Celine Kusters: 2022: NED:3,,,,,,
athlete_identity_collision_2c98f4de5ac6b0cf,high,possible_athlete_identity_collision,Lorenzo Aymes,MAG,Lorenzo Aymes,FRA,1.0,"FRA, MON",FRA: 2021 - French Championships (5 results) | MON: 2021 - Ukraine International Cup (5 results),Lorenzo Aymes: 2022: FRA:24 / 2023: FRA:15 / 2024: FRA:24 / 2025: FRA:24,,,,,,
athlete_identity_collision_8c8ee3470227f338,high,possible_athlete_identity_collision,Maria Ferguson,WAG,Maria Ferguson,USA,1.0,"TTO, USA",TTO: 2021 - Pan American Championships (5 results) | USA: 2021 - Buckeye National Qualifier (5 results),Maria Ferguson: not found 2022-2025,,,,,,
athlete_identity_collision_efd7ab0478981e89,high,possible_athlete_identity_collision,Maria Kharenkova,WAG,Maria Kharenkova,RUS,1.0,"GEO, RUS",GEO: 2021 - Russian Federal Championships (5 results) | RUS: 2021 - Russian Championships (2 results); 2021 - Russian Federal Championships (2 results),Maria Kharenkova: not found 2022-2025,,,,,,
athlete_identity_collision_88b8f74aac9b1436,high,possible_athlete_identity_collision,Florian Langenegger,MAG,Florian Langenegger,SUI,1.0,"GER, SUI",GER: 2021 - 3rd Bundesliga (3 results); 2021 - 4th Bundesliga (2 results) | SUI: 2021 - Swiss Championships (5 results),Florian Langenegger: 2022: SUI:34 / 2023: SUI:109 / 2024: SUI:86 / 2025: SUI:71,,,,,,
athlete_identity_collision_7362eafddc56c1bd,high,possible_athlete_identity_collision,Eamon Montgomery,MAG,Eamon Montgomery,IRL,1.0,"GBR, IRL",GBR: 2021 - British Championships (1 results) | IRL: 2021 - Northern European Championships (1 results),Eamon Montgomery: 2022: IRL:15 / 2023: IRL:9 / 2024: IRL:4,,,,,,
athlete_identity_collision_9792485ebcdb0b52,high,possible_athlete_identity_collision,Nicolas Garfias,MAG,Nicolas Garfias,CAN,1.0,"CAN, PER",CAN: 2021 - Elite Canada (5 results) | PER: 2021 - South American Championships (4 results),Nicolas Garfias: 2022: PER:1 / 2023: PER:12 / 2024: PER:2,,,,,,
athlete_identity_collision_3413f487c4b89cc6,high,possible_athlete_identity_collision,Alana Walker,WAG,Alana Walker,USA,1.0,"JAM, USA",JAM: 2021 - Junior Pan American Championships (5 results) | USA: 2021 - Parkettes National Qualifier (5 results),Alana Walker: 2024: JAM:10 / 2025: JAM:14,,,,,,
athlete_identity_collision_ccef4f9428c2a5bd,high,possible_athlete_identity_collision,Cyril Tommasone,MAG,Cyril Tommasone,FRA,1.0,"FRA, GER",FRA: 2021 - European Championships (1 results); 2021 - French Championships (2 results); 2021 - Varna Challenge Cup (2 results) | GER: 2021 - German Olympic Trials (1 results),Cyril Tommasone: 2022: FRA:4 / 2023: FRA:5 / 2024: FRA:4,,,,,,
athlete_identity_collision_c6598420851f0c2e,high,possible_athlete_identity_collision,Joshua Jack Williams,MAG,,,,"ESP, GER",ESP: 2021 - 1st Bundesliga (4 results) | GER: 2021 - 2nd Bundesliga (4 results); 2021 - 4th Bundesliga (1 results),Joshua Jack Williams: not found 2022-2025,,,,,,
athlete_identity_collision_fff0a0269bce649a,high,possible_athlete_identity_collision,Malina Blum,WAG,Malina Blum,SUI,1.0,"GER, SUI",GER: 2021 - 3rd Bundesliga (3 results) | SUI: 2021 - 1st Bundesliga (2 results); 2021 - 2nd Bundesliga (3 results),"Malina Blum: 2023: GER:10, SUI:2",,,,,,
athlete_identity_collision_dc8b289a94a5f9b5,high,possible_athlete_identity_collision,Lilian Piotte,MAG,Lilian Piotte,FRA,1.0,"FRA, MON",FRA: 2021 - Top 12 Championships (3 results) | MON: 2021 - Ukraine International Cup (4 results),"Lilian Piotte: 2022: FRA:12 / 2023: FRA:9 / 2024: FRA:12 / 2025: FRA:7, MON:6",,,,,,
athlete_identity_collision_3bc5093b6c242551,high,possible_athlete_identity_collision,Jack Gagamov,MAG,Jack Gagamov,CZE,1.0,"CZE, USA",CZE: 2021 - Olympic Hopes Cup (5 results) | USA: 2021 - U.S. Championships (5 results),Jack Gagamov: 2022: CZE:22 / 2023: CZE:13 / 2024: CZE:17 / 2025: CZE:3,,,,,,
athlete_identity_collision_932a39003339c383,high,possible_athlete_identity_collision,Frida Eriksson,WAG,Frida Eriksson,FIN,1.0,"FIN, SWE",FIN: 2021 - Finnish Championships (5 results) | SWE: 2021 - Mälar Cup (5 results),Frida Eriksson: not found 2022-2025,,,,,,
athlete_identity_collision_32e0616ef3840b9e,high,possible_athlete_identity_collision,Stefanos Tsolakidis,MAG,Stefanos Tsolakidis,GRE,1.0,"GER, GRE",GER: 2021 - Bundesliga Relegation Match (2 results) | GRE: 2021 - 1st Bundesliga (1 results); 2021 - Greek Championships (3 results); 2021 - Mersin Challenge Cup (1 results),"Stefanos Tsolakidis: 2022: GER:3, GRE:30 / 2023: GRE:19 / 2024: GRE:11 / 2025: GRE:11",,,,,,
athlete_identity_collision_d910789f55eaa78b,high,possible_athlete_identity_collision,Radomir Sliz,MAG,Radomir Sliz,CZE,1.0,"CRO, CZE",CRO: 2021 - Hungarian Grand Prix (1 results) | CZE: 2021 - Czech Championships (4 results); 2021 - Osijek Challenge Cup (1 results),Radomir Sliz: 2022: CZE:10 / 2023: CZE:14 / 2024: CZE:4 / 2025: CZE:6,,,,,,
athlete_country_c421ea56953af7d2,high,possible_athlete_country_change,Aghakazim Rustamov,MAG,Aghakazim Rustamov,AZE,,"AZE, TUR",TUR: 2021 - Turkish Championships (5 results),Aghakazim Rustamov: not found 2022-2025,,,,,,
athlete_country_0473d3a841d87319,high,possible_athlete_country_change,Alexander Delahaye,MAG,Alexander Delahaye,NED,,"BEL, NED",BEL: 2021 - Wase Gymcup (4 results),Alexander Delahaye: 2022: BEL:4,,,,,,
athlete_country_496542f2b620f1cc,high,possible_athlete_country_change,Ali Haque,MAG,Ali Haque,NZL,,"BAN, NZL",BAN: 2021 - New Zealand Championships (5 results),Ali Haque: not found 2022-2025,,,,,,
athlete_country_2c544654354f06f6,high,possible_athlete_country_change,Ben Harron,MAG,Ben Harron,IRL,,"GBR, IRL",GBR: 2021 - British Championships (2 results),Ben Harron: 2022: IRL:3,,,,,,
athlete_country_a5059bf04a2a54a9,high,possible_athlete_country_change,David Martelli,MAG,David Martelli,IRL,,"GBR, IRL",GBR: 2021 - British Championships (2 results),David Martelli: 2022: IRL:4 / 2023: IRL:2 / 2024: IRL:1 / 2025: IRL:1,,,,,,
athlete_country_05a335452530f403,high,possible_athlete_country_change,Davide Bieri,MAG,Davide Bieri,SUI,,"FRA, SUI",FRA: 2021 - Top 12 Championships (4 results),Davide Bieri: not found 2022-2025,,,,,,
athlete_country_8f3bc76a85e74798,high,possible_athlete_country_change,Djoni Sakarisson,MAG,Djoni Sakarisson,FAR,,"DEN, FAR",DEN: 2021 - Northern European Championships (1 results),Djoni Sakarisson: not found 2022-2025,,,,,,
athlete_country_e51e62b134be8183,high,possible_athlete_country_change,Ivan Sevruk,MAG,Ivan Sevruk,UKR,,"FRA, UKR",FRA: 2021 - Top 12 Championships (5 results),Ivan Sevruk: not found 2022-2025,,,,,,
athlete_country_049e734234bb651a,high,possible_athlete_country_change,Jaydon Attygalle,MAG,Jaydon Attygalle,IRL,,"GBR, IRL",GBR: 2021 - British Championships (2 results),"Jaydon Attygalle: 2022: IRL:14 / 2023: GBR:14, IRL:1 / 2024: SRI:11 / 2025: GBR:2, SRI:4",,,,,,
athlete_country_9d7def65b26ece42,high,possible_athlete_country_change,Matteo Murtas,MAG,Matteo Murtas,FRA,,"FRA, ITA",ITA: 2021 - 1st Italian Serie A (5 results),Matteo Murtas: not found 2022-2025,,,,,,
athlete_country_8589f8d8559a00a1,high,possible_athlete_country_change,Tim Randegger,MAG,Tim Randegger,SUI,,"GER, SUI",GER: 2021 - 4th Bundesliga (5 results),Tim Randegger: 2022: SUI:14 / 2023: SUI:67 / 2024: SUI:28 / 2025: SUI:47,,,,,,
athlete_country_b79f78de59d96877,high,possible_athlete_country_change,Vladimir Klimenko,MAG,Vladimir Klimenko,LUX,,"GER, LUX",GER: 2021 - 1st Bundesliga (2 results); 2021 - 2nd Bundesliga (2 results); 2021 - 3rd Bundesliga (1 results),Vladimir Klimenko: 2022: GER:12 / 2024: GER:2,,,,,,
athlete_country_5b9d0fda377359e8,high,possible_athlete_country_change,Anina Enzler,WAG,Anina Enzler,SUI,,"GER, SUI",GER: 2021 - 2nd Bundesliga (2 results),Anina Enzler: 2022: GER:2 / 2023: SUI:3 / 2024: SUI:1 / 2025: SUI:5,,,,,,
athlete_country_6006e1640d7c8a54,high,possible_athlete_country_change,Annalise Newman-Achee,WAG,Annalise Newman-Achee,USA,,"TTO, USA",TTO: 2021 - Pan American Championships (5 results),Annalise Newman-Achee: 2022: TTO:15 / 2023: TTO:16,,,,,,
athlete_country_32182fca147b9870,high,possible_athlete_country_change,Isabel Camilleri,WAG,Isabel Camilleri,GBR,,"GBR, MLT",MLT: 2021 - Gymstars International (5 results),Isabel Camilleri: not found 2022-2025,,,,,,
athlete_country_df044f6edc0b2ba5,high,possible_athlete_country_change,Mariangela Flores,WAG,Mariangela Flores,USA,,"MEX, USA",MEX: 2021 - Junior Pan American Championships (5 results),Mariangela Flores: 2023: MEX:5 / 2024: MEX:17 / 2025: MEX:12,,,,,,
athlete_country_38dea1c7aa9f6549,high,possible_athlete_country_change,Tara Donnelly,WAG,Tara Donnelly,IRL,,"GBR, IRL",GBR: 2021 - Northern European Championships (5 results),Tara Donnelly: 2022: GBR:30,,,,,,
athlete_country_ed54fe84295df60f,high,possible_athlete_country_change,Veronika Kritski,WAG,Veronika Kritski,GBR,,"EST, GBR",EST: 2021 - British Championships (5 results),Veronika Kritski: 2022: GBR:21 / 2023: GBR:50 / 2024: GBR:7,,,,,,
athlete_match_0460839d303a8b62,medium,possible_existing_athlete_match,Kaeson Lim,MAG,Lim Kaeson,SGP,1.0,"SGP, SGP",SGP: 2021 - Singapore Championships (2 results),Kaeson Lim: 2023: SGP:29 | Lim Kaeson: 2022: SGP:7 / 2024: SGP:4 / 2025: SGP:5,,,,,,
athlete_match_9eda02d073a36a3c,medium,possible_existing_athlete_match,Naoki Yamane,MAG,Yamane Naoki,JPN,1.0,"JPN, JPN",JPN: 2021 - All-Japan Championships (1 results); 2021 - All-Japan Senior Championships (1 results),Naoki Yamane: 2022: JPN:11 | Yamane Naoki: not found 2022-2025,,,,,,
athlete_match_6c891bfb73f25a6a,medium,possible_existing_athlete_match,Sarvar Aliyev,MAG,Aliyev Sarvar,AZE,1.0,"AZE, AZE",AZE: 2021 - Cairo Challenge Cup (3 results),Sarvar Aliyev: not found 2022-2025 | Aliyev Sarvar: not found 2022-2025,,,,,,
athlete_match_069a8f9c947a68d6,medium,possible_existing_athlete_match,Suphacheep Baobenmad,MAG,Baobenmad Suphacheep,THA,1.0,"THA, THA",THA: 2021 - World Championships (5 results),Suphacheep Baobenmad: 2022: THA:2 / 2023: THA:30 / 2024: THA:7 / 2025: THA:20 | Baobenmad Suphacheep: not found 2022-2025,,,,,,
athlete_match_59492e59d01d0094,medium,possible_existing_athlete_match,Tan Sze En,WAG,Sze En Tan,SGP,1.0,"SGP, SGP",SGP: 2021 - Olympic Games (2 results),Tan Sze En: not found 2022-2025 | Sze En Tan: not found 2022-2025,,,,,,
athlete_match_1f79bf91c6743ae3,medium,possible_existing_athlete_match,Anastasiia Budiashkina,WAG,Anastasia Budiashkina,UKR,0.977,"UKR, UKR",UKR: 2021 - Ukrainian Championships (5 results),Anastasiia Budiashkina: not found 2022-2025 | Anastasia Budiashkina: not found 2022-2025,,,,,,
athlete_match_07fe7a871b6fa942,medium,possible_existing_athlete_match,Christiana Eleftheriou,WAG,Christina Eleftheriou,CYP,0.977,"CYP, CYP",CYP: 2021 - Mersin Challenge Cup (4 results),Christiana Eleftheriou: not found 2022-2025 | Christina Eleftheriou: not found 2022-2025,,,,,,
athlete_match_7ff71dba1d86836a,medium,possible_existing_athlete_match,Stefania Eriksdottir,WAG,Stefania Eiriksdottir,ISL,0.976,"ISL, ISL",ISL: 2021 - Mälar Cup (5 results),Stefania Eriksdottir: not found 2022-2025 | Stefania Eiriksdottir: not found 2022-2025,,,,,,
athlete_match_251a11ad41030530,medium,possible_existing_athlete_match,Lilli Habisreutinger,WAG,Lili Habisreutinger,SUI,0.974,"SUI, SUI",SUI: 2021 - European Championships (5 results),Lilli Habisreutinger: 2022: SUI:23 / 2023: SUI:5 / 2024: SUI:11 / 2025: SUI:9 | Lili Habisreutinger: not found 2022-2025,,,,,,
athlete_match_77f4372efb71419f,medium,possible_existing_athlete_match,Viktoriia Giderynska,WAG,Viktoria Giderynska,UKR,0.974,"UKR, UKR",UKR: 2021 - Ukrainian Championships (5 results),Viktoriia Giderynska: not found 2022-2025 | Viktoria Giderynska: not found 2022-2025,,,,,,
athlete_match_2de10d103fac6ba7,medium,possible_existing_athlete_match,Daniel Winterborne,MAG,Daniel Winterbourne,GBR,0.973,"GBR, GBR",GBR: 2021 - British Championships (5 results),Daniel Winterborne: 2022: GBR:14 / 2024: GBR:16 / 2025: None:2 | Daniel Winterbourne: 2023: GBR:5,,,,,,
athlete_match_f4a6fc6f87c735e0,medium,possible_existing_athlete_match,Oleksander Petrenko,MAG,Oleksandr Petrenko,UKR,0.973,"UKR, UKR",UKR: 2021 - 5th Bundesliga (2 results); 2021 - 7th Bundesliga (3 results),Oleksander Petrenko: not found 2022-2025 | Oleksandr Petrenko: 2024: GER:7,,,,,,
athlete_match_3f666c22b3465f4c,medium,possible_existing_athlete_match,Eleni Charalampidou,WAG,Eleni Haralampidou,GRE,0.973,"GRE, GRE",GRE: 2021 - Greek Championships (5 results),Eleni Charalampidou: not found 2022-2025 | Eleni Haralampidou: not found 2022-2025,,,,,,
athlete_match_8ecf26854ee7e962,medium,possible_existing_athlete_match,Victoriane Charron,WAG,Victorianne Charron,CAN,0.973,"CAN, CAN",CAN: 2021 - Canadian Championships (5 results),Victoriane Charron: 2022: CAN:53 / 2023: CAN:16 / 2024: CAN:11 / 2025: CAN:35 | Victorianne Charron: not found 2022-2025,,,,,,
athlete_match_4da0c0b183d2059c,medium,possible_existing_athlete_match,Huang Yan Xianming,MAG,Huang Yanxianming,CHN,0.971,"CHN, CHN",CHN: 2021 - Chinese Youth Games (5 results),Huang Yan Xianming: not found 2022-2025 | Huang Yanxianming: 2022: CHN:5 / 2025: CHN:2,,,,,,
athlete_match_dcfa545d80d2c40f,high,possible_existing_athlete_match,Lennert Depoorter,MAG,Lennert Depoortere,NED,0.971,"BEL, NED",BEL: 2021 - Wase Gymcup (5 results),Lennert Depoorter: 2023: BEL:4 / 2024: BEL:5 | Lennert Depoortere: not found 2022-2025,,,,,,
athlete_match_c3c22c9a6c53ff93,medium,possible_existing_athlete_match,Pedro Moltke-Leth,MAG,Pedro Molthke-Leth,DEN,0.971,"DEN, DEN",DEN: 2021 - Danish Championships (5 results),Pedro Moltke-Leth: 2022: DEN:19 / 2023: DEN:18 | Pedro Molthke-Leth: not found 2022-2025,,,,,,
athlete_match_c70346ada85e0efc,medium,possible_existing_athlete_match,Philippa Busuttil,WAG,Phillippa Busuttil,MLT,0.971,"MLT, MLT",MLT: 2021 - Gymstars International (1 results),Philippa Busuttil: 2022: MLT:35 / 2023: MLT:8 / 2024: MLT:15 / 2025: MLT:30 | Phillippa Busuttil: 2022: MLT:10,,,,,,
athlete_match_deb4b6355e941605,medium,possible_existing_athlete_match,Antoine Gautrreau,MAG,Antoine Gautreau,CAN,0.97,"CAN, CAN",CAN: 2021 - Elite Canada (5 results),Antoine Gautrreau: not found 2022-2025 | Antoine Gautreau: 2022: CAN:2 / 2024: CAN:8 / 2025: CAN:4,,,,,,
athlete_match_0244628646fd0abc,medium,possible_existing_athlete_match,Daria Yegorycheva,WAG,Daria Egorycheva,RUS,0.97,"RUS, RUS",RUS: 2021 - Russian Junior Championships (5 results),Daria Yegorycheva: not found 2022-2025 | Daria Egorycheva: not found 2022-2025,,,,,,
athlete_match_3a85fd01bee08fe6,medium,possible_existing_athlete_match,David Johannsson,MAG,David Johansson,ISL,0.968,"ISL, ISL",ISL: 2021 - GK Championships (5 results),David Johannsson: 2022: ISL:23 / 2023: ISL:21 / 2024: ISL:15 | David Johansson: 2023: ISL:16,,,,,,
athlete_match_be6afdc0b9809bce,medium,possible_existing_athlete_match,Duncan Chrichton,MAG,Duncan Crichton,GBR,0.968,"GBR, GBR",GBR: 2021 - British Championships (1 results),Duncan Chrichton: not found 2022-2025 | Duncan Crichton: not found 2022-2025,,,,,,
athlete_match_8e19caf3ea92093e,medium,possible_existing_athlete_match,Shoma Tsukiyama,MAG,Shouma Tsukiyama,JPN,0.968,"JPN, JPN",JPN: 2021 - All-Japan Junior Championships (5 results),Shoma Tsukiyama: 2023: JPN:15 / 2024: JPN:9 / 2025: JPN:38 | Shouma Tsukiyama: 2022: JPN:7,,,,,,
athlete_match_127a80ea8f756344,medium,possible_existing_athlete_match,Thomas Gautrreau,MAG,Thomas Gautreau,CAN,0.968,"CAN, CAN",CAN: 2021 - Canadian Technical Trial (5 results),Thomas Gautrreau: not found 2022-2025 | Thomas Gautreau: 2022: CAN:7 / 2024: CAN:28 / 2025: CAN:28,,,,,,
athlete_match_3f020370a83fd858,medium,possible_existing_athlete_match,Anastassia Pascu,WAG,Anastasia Pascu,SUI,0.968,"SUI, SUI",SUI: 2021 - 1st Swiss Worlds Trials (1 results),Anastassia Pascu: 2022: SUI:5 / 2023: SUI:3 / 2024: SUI:26 / 2025: SUI:14 | Anastasia Pascu: not found 2022-2025,,,,,,
athlete_match_a2c13755c180d364,medium,possible_existing_athlete_match,Tatiana Minaeva,WAG,Tatiana Minayeva,RUS,0.968,"RUS, RUS",RUS: 2021 - Russian Championships (5 results),Tatiana Minaeva: 2022: RUS:2 | Tatiana Minayeva: not found 2022-2025,,,,,,
athlete_match_e2263c3fc0e37e58,medium,possible_existing_athlete_match,Tirill Storsveen,WAG,Tiril Storsveen,NOR,0.968,"NOR, NOR",NOR: 2021 - Norwegian Championships (3 results),Tirill Storsveen: not found 2022-2025 | Tiril Storsveen: not found 2022-2025,,,,,,
athlete_match_b2742951bfa5b344,medium,possible_existing_athlete_match,Viktoriia Mnitsa,WAG,Viktoria Mnitsa,UKR,0.968,"UKR, UKR",UKR: 2021 - Ukrainian Championships (5 results),Viktoriia Mnitsa: not found 2022-2025 | Viktoria Mnitsa: not found 2022-2025,,,,,,
athlete_match_49f844e4c5c4b555,medium,possible_existing_athlete_match,Danill Monakhov,MAG,Danil Monakhov,RUS,0.966,"RUS, RUS",RUS: 2021 - Russian Championships (5 results),Danill Monakhov: not found 2022-2025 | Danil Monakhov: not found 2022-2025,,,,,,
athlete_match_b8d1ee562bb6961f,medium,possible_existing_athlete_match,Edward Gonzales,MAG,Edwar Gonzales,PER,0.966,"PER, PER",PER: 2021 - Junior Pan American Championships (5 results),Edward Gonzales: 2022: PER:44 / 2023: PER:25 | Edwar Gonzales: not found 2022-2025,,,,,,
athlete_match_1c47f62649ece757,medium,possible_existing_athlete_match,Ignat Gorobets,MAG,Ignat Gorobyets,RUS,0.966,"RUS, RUS",RUS: 2021 - Russian Championships (5 results),Ignat Gorobets: 2022: RUS:14 / 2023: RUS:7 / 2024: RUS:7 / 2025: RUS:7 | Ignat Gorobyets: not found 2022-2025,,,,,,
athlete_match_cfd1bf3c33f4109f,medium,possible_existing_athlete_match,Justus Fröhlich,MAG,Justus Frölich,GER,0.966,"GER, GER",GER: 2021 - 3rd Bundesliga (5 results),Justus Fröhlich: 2022: GER:41 | Justus Frölich: not found 2022-2025,,,,,,
athlete_match_89efd0f3b7edbf9a,medium,possible_existing_athlete_match,Leo Blumenberg,MAG,Leo Blumnenberg,SWE,0.966,"SWE, SWE",SWE: 2021 - Mälar Cup (4 results),Leo Blumenberg: 2022: SWE:4 / 2023: SWE:6 / 2025: SWE:2 | Leo Blumnenberg: not found 2022-2025,,,,,,
athlete_match_30a9331088a3a509,medium,possible_existing_athlete_match,Mario Macchati,MAG,Mario Macchiati,ITA,0.966,"ITA, ITA",ITA: 2021 - Koper Challenge Cup (5 results),Mario Macchati: not found 2022-2025 | Mario Macchiati: 2022: ITA:66 / 2023: ITA:87 / 2024: ITA:88 / 2025: ITA:37,,,,,,
athlete_match_03254475d2e1b8a9,medium,possible_existing_athlete_match,Mathias Schwab,MAG,Matthias Schwab,AUT,0.966,"AUT, AUT",AUT: 2021 - Austrian Championships (5 results),Mathias Schwab: not found 2022-2025 | Matthias Schwab: not found 2022-2025,,,,,,
athlete_match_eb6dd67e954bc95e,medium,possible_existing_athlete_match,Camile Fonseca,WAG,Camille Fonseca,BRA,0.966,"BRA, BRA",BRA: 2021 - South American Championships (3 results),Camile Fonseca: 2022: BRA:4 | Camille Fonseca: 2022: BRA:6 / 2023: BRA:32 / 2024: BRA:11,,,,,,
athlete_match_331867be2c28e647,medium,possible_existing_athlete_match,Daira Lamadrid,WAG,Daira la Madrid,COL,0.966,"COL, COL",COL: 2021 - Colombia Control Meet (5 results),Daira Lamadrid: 2022: COL:20 / 2023: COL:25 / 2024: COL:22 / 2025: COL:20 | Daira la Madrid: not found 2022-2025,,,,,,
athlete_match_2d809403866c2d55,medium,possible_existing_athlete_match,Leila Vasilieva,WAG,Leila Vasileva,RUS,0.966,"RUS, RUS",RUS: 2021 - Russian Junior Championships (5 results),Leila Vasilieva: 2022: RUS:15 / 2023: RUS:32 / 2024: RUS:29 / 2025: RUS:40 | Leila Vasileva: not found 2022-2025,,,,,,
athlete_match_fd55dbbbbb7dbb13,high,possible_existing_athlete_match,Maria Smirnova,WAG,Mariia Smirnova,AZE,0.966,"AZE, RUS",RUS: 2021 - Russian Junior Championships (5 results),Maria Smirnova: 2022: RUS:10 | Mariia Smirnova: not found 2022-2025,,,,,,
athlete_match_9c1397e89f5be500,medium,possible_existing_athlete_match,Paraskevi Gkini,WAG,Paraskevi Gini,GRE,0.966,"GRE, GRE",GRE: 2021 - Greek Championships (5 results),Paraskevi Gkini: not found 2022-2025 | Paraskevi Gini: not found 2022-2025,,,,,,
athlete_match_d66063bd371c74fd,medium,possible_existing_athlete_match,Rinne Sakatani,WAG,Rin'ne Sakatani,JPN,0.966,"JPN, JPN",JPN: 2021 - All-Japan Student Championships (5 results),Rinne Sakatani: 2022: JPN:11 / 2023: JPN:11 / 2024: JPN:5 | Rin'ne Sakatani: not found 2022-2025,,,,,,
athlete_match_0837faaf7fdef60b,medium,possible_existing_athlete_match,Tisha Vollemann,WAG,Tisha Volleman,NED,0.966,"NED, NED",NED: 2021 - Bundesliga Finals (5 results),Tisha Vollemann: not found 2022-2025 | Tisha Volleman: 2022: NED:63 / 2023: NED:70 / 2024: NED:48 / 2025: NED:53,,,,,,
athlete_match_3453a02a47338058,medium,possible_existing_athlete_match,Vitalija Pakhno,WAG,Vitalia Pakhno,POL,0.966,"POL, POL",POL: 2021 - Polish Championships (5 results),Vitalija Pakhno: 2022: POL:19 / 2023: POL:7 / 2025: POL:4 | Vitalia Pakhno: not found 2022-2025,,,,,,
athlete_match_d0d24c2ebe439867,medium,possible_existing_athlete_match,Yang Menghaoli,WAG,Yang Meng Haoli,CHN,0.966,"CHN, CHN",CHN: 2021 - Chinese Championships (5 results),Yang Menghaoli: not found 2022-2025 | Yang Meng Haoli: not found 2022-2025,,,,,,
athlete_match_9e849848a272a872,medium,possible_existing_athlete_match,Alessio Corda,MAG,Allessio Corda,BEL,0.963,"BEL, BEL",BEL: 2021 - Wase Gymcup (4 results),Alessio Corda: 2022: BEL:6 / 2023: BEL:30 / 2024: BEL:13 / 2025: BEL:18 | Allessio Corda: not found 2022-2025,,,,,,
athlete_match_688e88484cb72731,medium,possible_existing_athlete_match,Yuya Simosaka,MAG,Yuya Shimosaka,JPN,0.963,"JPN, JPN",JPN: 2021 - All-Japan Championships (1 results),Yuya Simosaka: not found 2022-2025 | Yuya Shimosaka: 2023: JPN:7 / 2024: JPN:7 / 2025: JPN:7,,,,,,
athlete_match_c344b3b0bc0c1b92,medium,possible_existing_athlete_match,Eva Villanova,WAG,Elva Villanova,ESP,0.963,"ESP, ESP",ESP: 2021 - 3rd Spanish League (5 results),Eva Villanova: 2022: ESP:12 / 2023: ESP:12 / 2024: ESP:15 / 2025: ESP:9 | Elva Villanova: not found 2022-2025,,,,,,
athlete_match_e925f89914951b4b,medium,possible_existing_athlete_match,Mélanie De Jesus Dos Santos,WAG,Melanie de Jesus dos Santos,FRA,0.963,"FRA, FRA",FRA: 2021 - FIT Challenge (5 results),Mélanie De Jesus Dos Santos: 2023: FRA:35 / 2024: FRA:24 | Melanie de Jesus dos Santos: 2022: FRA:12,,,,,,
athlete_match_8f6b4397365735bc,medium,possible_existing_athlete_match,Yang Fanyuwei,WAG,Yang Fan Yuwei,CHN,0.963,"CHN, CHN",CHN: 2021 - Chinese Championships (3 results),Yang Fanyuwei: 2022: CHN:2 / 2023: CHN:2 / 2024: CHN:7 / 2025: CHN:12 | Yang Fan Yuwei: not found 2022-2025,,,,,,
athlete_match_5aefa7059d0f87af,medium,possible_existing_athlete_match,Lee Bonkyung,MAG,Lee Bon Kyung,KOR,0.96,"KOR, KOR",KOR: 2021 - South Korean Championships (5 results),Lee Bonkyung: 2025: KOR:8 | Lee Bon Kyung: not found 2022-2025,,,,,,
athlete_match_356159617ce2cbef,medium,possible_existing_athlete_match,Long Zhizheng,MAG,Long Zizheng,CHN,0.96,"CHN, CHN",CHN: 2021 - Chinese Championships (5 results),Long Zhizheng: 2022: CHN:3 | Long Zizheng: 2023: CHN:12 / 2024: CHN:11 / 2025: CHN:19,,,,,,
athlete_match_98d4824fbd308c57,medium,possible_existing_athlete_match,Martin Flores,MAG,Marti Flores,ESP,0.96,"ESP, ESP",ESP: 2021 - Spanish Championships (5 results),Martin Flores: not found 2022-2025 | Marti Flores: 2025: ESP:5,,,,,,
athlete_match_e26ab4a9b86ee44a,medium,possible_existing_athlete_match,Park Seungho,MAG,Park Seung-ho,KOR,0.96,"KOR, KOR",KOR: 2021 - Korean National Sports Festival (5 results),Park Seungho: 2023: KOR:5 / 2024: KOR:16 / 2025: KOR:24 | Park Seung-ho: not found 2022-2025,,,,,,
athlete_match_4aadb939cf2b9c85,medium,possible_existing_athlete_match,Ryu Sunghyun,MAG,Ryu Sung-hyun,KOR,0.96,"KOR, KOR",KOR: 2021 - South Korean Championships (5 results),Ryu Sunghyun: 2022: KOR:22 / 2023: KOR:34 / 2024: KOR:7 / 2025: KOR:28 | Ryu Sung-hyun: not found 2022-2025,,,,,,
athlete_match_df6d0a8e5c5528e2,medium,possible_existing_athlete_match,Shin Jeahwan,MAG,Shin Jea-hwan,KOR,0.96,"KOR, KOR",KOR: 2021 - Doha World Cup (2 results); 2021 - South Korean Olympic Trials (3 results),Shin Jeahwan: 2023: KOR:7 / 2024: KOR:9 / 2025: KOR:17 | Shin Jea-hwan: not found 2022-2025,,,,,,
athlete_match_45e987abce77f337,medium,possible_existing_athlete_match,Simon Francke,MAG,Simon Franke,SWE,0.96,"SWE, SWE",SWE: 2021 - Swedish Cup (5 results),Simon Francke: not found 2022-2025 | Simon Franke: 2022: SWE:3 / 2023: SWE:10 / 2024: SWE:15 / 2025: SWE:10,,,,,,
athlete_match_0ca61a5affd5589e,medium,possible_existing_athlete_match,Yang Hakseon,MAG,Yang Hak-seon,KOR,0.96,"KOR, KOR",KOR: 2021 - Olympic Games (1 results); 2021 - South Korean Olympic Trials (4 results),Yang Hakseon: 2023: KOR:9 / 2025: KOR:13 | Yang Hak-seon: not found 2022-2025,,,,,,
athlete_match_861a1e13b7202ceb,medium,possible_existing_athlete_match,Aliaksandra Rymasheuskaya,WAG,Aliaksandra Rymashevskaya,BLR,0.96,"BLR, BLR",BLR: 2021 - Belarusian Open Cup (5 results),Aliaksandra Rymasheuskaya: not found 2022-2025 | Aliaksandra Rymashevskaya: not found 2022-2025,,,,,,
athlete_match_95fdeabfdd3a36e5,medium,possible_existing_athlete_match,Alyssa Ogier,WAG,Alyssa Oggier,SUI,0.96,"SUI, SUI",SUI: 2021 - Swiss Championships (3 results),Alyssa Ogier: not found 2022-2025 | Alyssa Oggier: not found 2022-2025,,,,,,
athlete_match_2228b97277e24644,medium,possible_existing_athlete_match,Hu Linhexing,WAG,Hu Lin Hexing,CHN,0.96,"CHN, CHN",CHN: 2021 - Chinese Championships (5 results),Hu Linhexing: 2022: CHN:5 / 2023: CHN:15 / 2024: CHN:14 / 2025: CHN:13 | Hu Lin Hexing: not found 2022-2025,,,,,,
athlete_match_7399feab355a8888,medium,possible_existing_athlete_match,Kim Minjeong,WAG,Kim Min-jeong,KOR,0.96,"KOR, KOR",KOR: 2021 - Korean National Sports Festival (5 results),Kim Minjeong: 2023: KOR:3 / 2024: KOR:4 | Kim Min-jeong: not found 2022-2025,,,,,,
athlete_match_5566796fc04a8d1b,medium,possible_existing_athlete_match,Laia Privado,WAG,Laila Privado,ESP,0.96,"ESP, ESP",ESP: 2021 - 1st Spanish League (2 results); 2021 - 2nd Spanish League (1 results); 2021 - 3rd Spanish League (2 results),Laia Privado: 2022: ESP:6 / 2023: ESP:6 / 2024: ESP:6 | Laila Privado: not found 2022-2025,,,,,,
athlete_match_dd5fa453a53d6496,medium,possible_existing_athlete_match,Lee Wooyoung,WAG,Lee Woo-Young,KOR,0.96,"KOR, KOR",KOR: 2021 - Korean National Sports Festival (5 results),Lee Wooyoung: 2024: KOR:1 / 2025: KOR:18 | Lee Woo-Young: not found 2022-2025,,,,,,
athlete_match_66761f7eb45919fb,medium,possible_existing_athlete_match,Rion Koriyama,WAG,Rio Koriyama,JPN,0.96,"JPN, JPN",JPN: 2021 - All-Japan Student Championships (5 results),Rion Koriyama: 2023: JPN:5 | Rio Koriyama: not found 2022-2025,,,,,,
athlete_match_c3af2b812c169c74,medium,possible_existing_athlete_match,Silva Chacon,WAG,Silvia Chacon,ESP,0.96,"ESP, ESP",ESP: 2021 - 2nd Spanish League (2 results),Silva Chacon: not found 2022-2025 | Silvia Chacon: not found 2022-2025,,,,,,
athlete_match_b2fc6539c13fecef,medium,possible_existing_athlete_match,Touwa Matsuda,WAG,Towa Matsuda,JPN,0.96,"JPN, JPN",JPN: 2021 - All-Japan Junior Championships (5 results),Touwa Matsuda: 2022: JPN:17 / 2023: JPN:25 / 2024: JPN:15 / 2025: JPN:17 | Towa Matsuda: not found 2022-2025,,,,,,
athlete_match_d3c42c00a41fd78b,medium,possible_existing_athlete_match,Yeo Seojeong,WAG,Yeo Seo-jeong,KOR,0.96,"KOR, KOR",KOR: 2021 - Olympic Games (5 results),Yeo Seojeong: 2022: KOR:19 / 2023: KOR:33 / 2024: KOR:15 / 2025: KOR:3 | Yeo Seo-jeong: not found 2022-2025,,,,,,
athlete_match_38aeefa0618f360f,medium,possible_existing_athlete_match,Kouki Sunaga,MAG,Koki Sunaga,JPN,0.957,"JPN, JPN",JPN: 2021 - All-Japan Team Championships (4 results),Kouki Sunaga: 2022: JPN:12 | Koki Sunaga: 2023: JPN:19 / 2024: JPN:14 / 2025: JPN:42,,,,,,
athlete_match_5bca4809a0f86760,medium,possible_existing_athlete_match,Lee Junghyo,MAG,Lee Jung-hyo,KOR,0.957,"KOR, KOR",KOR: 2021 - South Korean Olympic Trials (5 results),Lee Junghyo: 2022: KOR:14 / 2023: KOR:22 / 2025: KOR:28 | Lee Jung-hyo: not found 2022-2025,,,,,,
athlete_match_6f8ebf2fb6c73a38,medium,possible_existing_athlete_match,Park Minsoo,MAG,Park Min-soo,KOR,0.957,"KOR, KOR",KOR: 2021 - South Korean Championships (4 results),Park Minsoo: not found 2022-2025 | Park Min-soo: not found 2022-2025,,,,,,
athlete_match_033d676fe88739d2,medium,possible_existing_athlete_match,Alizée Letrange-Mouakit,WAG,Alizee Letrange-Mouakit,FRA,0.957,"FRA, FRA",FRA: 2021 - French Championships (2 results),Alizée Letrange-Mouakit: 2022: FRA:5 / 2024: FRA:5 / 2025: FRA:12 | Alizee Letrange-Mouakit: not found 2022-2025,,,,,,
athlete_match_d6b30705fdb39e04,medium,possible_existing_athlete_match,Cha Yeonhee,WAG,Cha Yeon-hee,KOR,0.957,"KOR, KOR",KOR: 2021 - Korean National Sports Festival (5 results),Cha Yeonhee: 2023: KOR:5 / 2024: KOR:5 / 2025: KOR:10 | Cha Yeon-hee: not found 2022-2025,,,,,,
athlete_match_b7252ecc16aa2b40,medium,possible_existing_athlete_match,Lee Dayeong,WAG,Lee Da Yeong,KOR,0.957,"KOR, KOR",KOR: 2021 - South Korean Championships (5 results),Lee Dayeong: 2022: KOR:8 / 2023: KOR:24 / 2024: KOR:7 / 2025: KOR:5 | Lee Da Yeong: not found 2022-2025,,,,,,
athlete_match_f8b9c0f79f921506,medium,possible_existing_athlete_match,Mari Irgens,WAG,Marie Irgens,NOR,0.957,"NOR, NOR",NOR: 2021 - Norwegian Junior Championships (5 results),Mari Irgens: not found 2022-2025 | Marie Irgens: not found 2022-2025,,,,,,
athlete_match_663c239497666f68,medium,possible_existing_athlete_match,Nono Kizaki,WAG,Nonon Kizaki,JPN,0.957,"JPN, JPN",JPN: 2021 - All-Japan Junior Championships (5 results),Nono Kizaki: 2022: JPN:6 / 2024: JPN:6 / 2025: JPN:16 | Nonon Kizaki: 2022: JPN:5,,,,,,
athlete_match_d22ffd21cc70a069,medium,possible_existing_athlete_match,Seong Gaeun,WAG,Seong Ga-eun,KOR,0.957,"KOR, KOR",KOR: 2021 - South Korean Championships (5 results),Seong Gaeun: 2023: KOR:5 / 2024: KOR:3 / 2025: KOR:20 | Seong Ga-eun: not found 2022-2025,,,,,,
athlete_match_fc1e0784136a6856,medium,possible_existing_athlete_match,Mikhail Haziq Mohammed,MAG,Mikhail Haziq Mohammad,SGP,0.955,"SGP, SGP",SGP: 2021 - Singapore Championships (5 results),Mikhail Haziq Mohammed: not found 2022-2025 | Mikhail Haziq Mohammad: not found 2022-2025,,,,,,
athlete_match_45b86def13bd213d,medium,possible_existing_athlete_match,Glenn Cuyle,MAG,Glen Cuyle,BEL,0.952,"BEL, BEL",BEL: 2021 - Wase Gymcup (5 results),Glenn Cuyle: not found 2022-2025 | Glen Cuyle: 2022: BEL:13 / 2023: BEL:15 / 2024: BEL:12 / 2025: BEL:5,,,,,,
athlete_match_fbb6c198941cfdff,medium,possible_existing_athlete_match,Kim Hansol,MAG,Kim Han-sol,KOR,0.952,"KOR, KOR",KOR: 2021 - South Korean Olympic Trials (5 results),Kim Hansol: 2022: KOR:15 / 2023: KOR:12 / 2024: KOR:7 / 2025: KOR:9 | Kim Han-sol: not found 2022-2025,,,,,,
athlete_match_85ff18567d590592,medium,possible_existing_athlete_match,Park Jinho,MAG,Park Jin-ho,KOR,0.952,"KOR, KOR",KOR: 2021 - South Korean Olympic Trials (5 results),Park Jinho: 2024: KOR:11 / 2025: KOR:18 | Park Jin-ho: not found 2022-2025,,,,,,
athlete_match_08b24dbb7dc3fe6d,medium,possible_existing_athlete_match,Vladislav Novokshenov,MAG,Vladislav Novokshonov,RUS,0.952,"RUS, RUS",RUS: 2021 - Russian Championships (2 results),Vladislav Novokshenov: not found 2022-2025 | Vladislav Novokshonov: 2022: RUS:27 / 2023: RUS:39 / 2024: RUS:19 / 2025: RUS:46,,,,,,
athlete_match_65f4c5dfdabc99dc,medium,possible_existing_athlete_match,Anna Maria Michalakou,WAG,Anna-Maria Michalakou,GRE,0.952,"GRE, GRE",GRE: 2021 - Greek Championships (5 results),Anna Maria Michalakou: 2022: GRE:8 | Anna-Maria Michalakou: not found 2022-2025,,,,,,
athlete_match_253eb13b426590c3,medium,possible_existing_athlete_match,Eom Dohyun,WAG,Eom Do-hyun,KOR,0.952,"KOR, KOR",KOR: 2021 - South Korean Championships (5 results),Eom Dohyun: 2022: KOR:5 / 2023: KOR:16 / 2024: KOR:11 / 2025: KOR:29 | Eom Do-hyun: not found 2022-2025,,,,,,
athlete_match_28c1699be89b013a,medium,possible_existing_athlete_match,Hyun Jinju,WAG,Hyun Jin-ju,KOR,0.952,"KOR, KOR",KOR: 2021 - South Korean Championships (5 results),Hyun Jinju: 2024: KOR:6 / 2025: KOR:1 | Hyun Jin-ju: not found 2022-2025,,,,,,
athlete_match_93219806c84b4b13,high,possible_existing_athlete_match,Julia Godo,WAG,Julia Godoi,BRA,0.952,"BRA, ESP",ESP: 2021 - 1st Spanish League (2 results); 2021 - 2nd Spanish League (2 results),Julia Godo: not found 2022-2025 | Julia Godoi: 2024: BRA:5,,,,,,
athlete_match_ca3a6d6172fb0e9d,medium,possible_existing_athlete_match,Kim Yeonji,WAG,Kim Yeon-ji,KOR,0.952,"KOR, KOR",KOR: 2021 - South Korean Championships (5 results),Kim Yeonji: 2025: KOR:5 | Kim Yeon-ji: not found 2022-2025,,,,,,
athlete_match_312a041c2193d1c9,medium,possible_existing_athlete_match,Lee Yunseo,WAG,Lee Yun-seo,KOR,0.952,"KOR, KOR",KOR: 2021 - Korean National Sports Festival (5 results),Lee Yunseo: 2022: KOR:18 / 2023: KOR:20 / 2024: KOR:5 / 2025: KOR:21 | Lee Yun-seo: not found 2022-2025,,,,,,
athlete_match_df6241a78b5e8e57,medium,possible_existing_athlete_match,Nathalia Runnarsdottir,WAG,Natalia Runarsdottir,ISL,0.952,"ISL, ISL",ISL: 2021 - Mälar Cup (5 results),Nathalia Runnarsdottir: not found 2022-2025 | Natalia Runarsdottir: 2022: ISL:22 / 2023: ISL:10,,,,,,
athlete_match_f310ff1618c23552,medium,possible_existing_athlete_match,Noa Garcia,WAG,Nora Garcia,ESP,0.952,"ESP, ESP",ESP: 2021 - 3rd Spanish League (5 results),Noa Garcia: 2022: ESP:5 / 2023: ESP:5 / 2024: ESP:3 | Nora Garcia: not found 2022-2025,,,,,,
athlete_match_435c105d41262e84,medium,possible_existing_athlete_match,Shin Solyi,WAG,Shin Sol Yi,KOR,0.952,"KOR, KOR",KOR: 2021 - Korean National Sports Festival (5 results),Shin Solyi: 2022: KOR:8 / 2023: KOR:34 / 2024: KOR:13 / 2025: KOR:33 | Shin Sol Yi: not found 2022-2025,,,,,,
athlete_match_97236e9df2b3b8f7,medium,possible_existing_athlete_match,Aglae Adam-Cuvillier,WAG,Aglaé Adam-Cuvillier,FRA,0.95,"FRA, FRA",FRA: 2021 - Gymstars International (5 results),Aglae Adam-Cuvillier: not found 2022-2025 | Aglaé Adam-Cuvillier: not found 2022-2025,,,,,,
athlete_match_ad35a6e8166ed1ec,medium,possible_existing_athlete_match,Ekaterina Kamotskaya,WAG,Ekaterina Kamatskaya,RUS,0.95,"RUS, RUS",RUS: 2021 - Russian Federal Championships (5 results),Ekaterina Kamotskaya: not found 2022-2025 | Ekaterina Kamatskaya: not found 2022-2025,,,,,,
athlete_match_501279581491160c,medium,possible_existing_athlete_match,Bae Garam,MAG,Bae Ga-ram,KOR,0.947,"KOR, KOR",KOR: 2021 - South Korean Olympic Trials (5 results),Bae Garam: 2023: KOR:26 / 2024: KOR:7 / 2025: KOR:11 | Bae Ga-ram: not found 2022-2025,,,,,,
athlete_match_b4f333a12042a659,medium,possible_existing_athlete_match,Hun Runjie,MAG,Hu Runjie,CHN,0.947,"CHN, CHN",CHN: 2021 - Chinese Championships (3 results),Hun Runjie: not found 2022-2025 | Hu Runjie: not found 2022-2025,,,,,,
athlete_match_cb962523e02090a4,medium,possible_existing_athlete_match,Kim Jaeho,MAG,Kim Jae Ho,KOR,0.947,"KOR, KOR",KOR: 2021 - South Korean Olympic Trials (5 results),Kim Jaeho: 2022: KOR:12 / 2023: KOR:37 / 2024: KOR:10 / 2025: KOR:57 | Kim Jae Ho: not found 2022-2025,,,,,,
athlete_match_3912c88fddb96f25,medium,possible_existing_athlete_match,Lee Junho,MAG,Lee Jun-ho,KOR,0.947,"KOR, KOR",KOR: 2021 - South Korean Olympic Trials (5 results),Lee Junho: 2022: KOR:24 / 2023: KOR:30 / 2024: KOR:24 / 2025: KOR:14 | Lee Jun-ho: not found 2022-2025,,,,,,
athlete_match_e094d29d7eba8c92,medium,possible_existing_athlete_match,Vitaliy Hontkivskiy,MAG,Vitaliy Gontkivskiy,UKR,0.947,"UKR, UKR",UKR: 2021 - Ukrainian Championships (5 results),Vitaliy Hontkivskiy: not found 2022-2025 | Vitaliy Gontkivskiy: not found 2022-2025,,,,,,
athlete_match_401de5b058530f50,medium,possible_existing_athlete_match,Anna Maria Kelesidi,WAG,Anna-Maria Kelesidi,GRE,0.947,"GRE, GRE",GRE: 2021 - Greek Championships (5 results),Anna Maria Kelesidi: not found 2022-2025 | Anna-Maria Kelesidi: 2023: GRE:5,,,,,,
athlete_match_2aeea8494a04d506,medium,possible_existing_athlete_match,Aoka Mori,WAG,Aoika Mori,JPN,0.947,"JPN, JPN",JPN: 2021 - All-Japan Student Championships (5 results),Aoka Mori: 2022: JPN:18 / 2023: JPN:25 | Aoika Mori: not found 2022-2025,,,,,,
athlete_match_bfbe03aba60ba392,medium,possible_existing_athlete_match,Hanna Rymasheuskaya,WAG,Hanna Rymashevskaya,BLR,0.947,"BLR, BLR",BLR: 2021 - Belarusian Open Cup (5 results),Hanna Rymasheuskaya: not found 2022-2025 | Hanna Rymashevskaya: not found 2022-2025,,,,,,
athlete_match_bbde7d2615b9d52c,medium,possible_existing_athlete_match,Kim Minji,WAG,Kim Min-ji,KOR,0.947,"KOR, KOR",KOR: 2021 - South Korean Championships (5 results),Kim Minji: 2023: KOR:5 / 2024: KOR:6 / 2025: KOR:13 | Kim Min-ji: not found 2022-2025,,,,,,
athlete_match_7b7b4aff915bec6f,medium,possible_existing_athlete_match,Lisa Katharina Hill,WAG,Lisa-Katharina Hill,GER,0.947,"GER, GER",GER: 2021 - 1st Bundesliga (1 results); 2021 - 2nd Bundesliga (1 results); 2021 - Bundesliga Finals (1 results); 2021 - Spanish League Finals (1 results),Lisa Katharina Hill: 2022: GER:5 / 2023: GER:3 | Lisa-Katharina Hill: not found 2022-2025,,,,,,
athlete_match_86d06f179f77c9af,medium,possible_existing_athlete_match,Miu Hirai,WAG,Miyu Hirai,JPN,0.947,"JPN, JPN",JPN: 2021 - All-Japan Junior Championships (5 results),Miu Hirai: not found 2022-2025 | Miyu Hirai: 2022: JPN:3,,,,,,
athlete_match_675947cbc70cbdab,medium,possible_existing_athlete_match,Yang Semi,WAG,Yang Se-mi,KOR,0.947,"KOR, KOR",KOR: 2021 - South Korean Championships (3 results),Yang Semi: not found 2022-2025 | Yang Se-mi: not found 2022-2025,,,,,,
athlete_match_e59a000e4fc2f77b,medium,possible_existing_athlete_match,Yelizaveta Hubareva,WAG,Yelyzaveta Hubareva,UKR,0.947,"UKR, UKR",UKR: 2021 - Ukrainian Championships (5 results),Yelizaveta Hubareva: 2022: UKR:9 / 2023: UKR:21 / 2024: UKR:19 | Yelyzaveta Hubareva: not found 2022-2025,,,,,,
athlete_match_b26c4d7732369107,medium,possible_existing_athlete_match,Yun Narae,WAG,Yun Na-rae,KOR,0.947,"KOR, KOR",KOR: 2021 - South Korean Championships (1 results),Yun Narae: 2023: KOR:5 / 2024: KOR:5 / 2025: KOR:15 | Yun Na-rae: not found 2022-2025,,,,,,
athlete_match_c8acab81b9e6fcc4,medium,possible_existing_athlete_match,Dzmitry Hurynovich,MAG,Dmitriy Hurynovich,BLR,0.944,"BLR, BLR",BLR: 2021 - Belarusian Open Cup (5 results),Dzmitry Hurynovich: 2022: BLR:5 | Dmitriy Hurynovich: not found 2022-2025,,,,,,
athlete_match_58bd5add8ecb44d5,medium,possible_existing_athlete_match,Francesco Barretto,MAG,Francisco Barretto,BRA,0.944,"BRA, BRA",BRA: 2021 - Bundesliga Final Relegation Match (2 results); 2021 - Bundesliga Relegation Match (3 results),Francesco Barretto: not found 2022-2025 | Francisco Barretto: 2022: BRA:22 / 2023: BRA:29 / 2024: BRA:7,,,,,,
athlete_match_b76fb7e8e3e0e3cd,medium,possible_existing_athlete_match,Elisavet Koronidou,WAG,Elizavet Koronidou,GRE,0.944,"GRE, GRE",GRE: 2021 - Greek Championships (5 results),Elisavet Koronidou: not found 2022-2025 | Elizavet Koronidou: not found 2022-2025,,,,,,
athlete_match_7a5d8d151020f51d,medium,possible_existing_athlete_match,Maïssam Ben Khouja,WAG,Maïssam Ben-Khouja,FRA,0.944,"FRA, FRA",FRA: 2021 - Top 12 Championships (5 results),Maïssam Ben Khouja: not found 2022-2025 | Maïssam Ben-Khouja: not found 2022-2025,,,,,,
athlete_match_4f2a22fe845bad66,medium,possible_existing_athlete_match,Konstantine Konstantinidis,MAG,Konstantinos Konstantinidis,GRE,0.943,"GRE, GRE",GRE: 2021 - World Championships (1 results),Konstantine Konstantinidis: not found 2022-2025 | Konstantinos Konstantinidis: 2022: GRE:6 / 2023: GRE:5,,,,,,
athlete_match_d2306927a1186a29,medium,possible_existing_athlete_match,Dmitriy Tsitsyura,MAG,Dmitrii Tsitsyura,RUS,0.941,"RUS, RUS",RUS: 2021 - Russian Championships (5 results),Dmitriy Tsitsyura: not found 2022-2025 | Dmitrii Tsitsyura: not found 2022-2025,,,,,,
athlete_match_c8ef11b1413e0b67,medium,possible_existing_athlete_match,Gabriel Cerqueira,MAG,Gabriel Serqueira,BRA,0.941,"BRA, BRA",BRA: 2021 - Brazilian Championships (5 results),Gabriel Cerqueira: not found 2022-2025 | Gabriel Serqueira: not found 2022-2025,,,,,,
athlete_match_ee7a7d7a7bbeddab,medium,possible_existing_athlete_match,Hiroto Shinohara,MAG,Hirohito Shinohara,JPN,0.941,"JPN, JPN",JPN: 2021 - All-Japan Championships (1 results); 2021 - All-Japan Team Championships (2 results),Hiroto Shinohara: not found 2022-2025 | Hirohito Shinohara: not found 2022-2025,,,,,,
athlete_match_fdbafa52c761a6af,medium,possible_existing_athlete_match,Jean Pierre Bruno,MAG,Jean-Pierre Bruno,FRA,0.941,"FRA, FRA",FRA: 2021 - Top 12 Championships (3 results),Jean Pierre Bruno: 2022: FRA:8 | Jean-Pierre Bruno: not found 2022-2025,,,,,,
athlete_match_7aa853fcac29184a,medium,possible_existing_athlete_match,Nikolai Kishkilev,MAG,Nikolai Kisjkilev,RUS,0.941,"RUS, RUS",RUS: 2021 - 2nd Bundesliga (5 results),Nikolai Kishkilev: 2022: RUS:15 | Nikolai Kisjkilev: not found 2022-2025,,,,,,
athlete_match_3fa35e69844d3c74,medium,possible_existing_athlete_match,Steijn Laschewski,MAG,Stejin Laschewski,NED,0.941,"NED, NED",NED: 2021 - Wase Gymcup (5 results),Steijn Laschewski: 2022: NED:10 / 2023: NED:24 / 2024: NED:16 / 2025: NED:18 | Stejin Laschewski: not found 2022-2025,,,,,,
athlete_match_324970797cd6a76f,medium,possible_existing_athlete_match,Angelika Nagayeva,WAG,Angelica Nagayeva,RUS,0.941,"RUS, RUS",RUS: 2021 - Russian Federal Championships (5 results),Angelika Nagayeva: not found 2022-2025 | Angelica Nagayeva: not found 2022-2025,,,,,,
athlete_match_c512e85fab6d8cd7,medium,possible_existing_athlete_match,Anna Maria Kanyai,WAG,Anna-Maria Kanyai,CZE,0.941,"CZE, CZE",CZE: 2021 - Czech Team Championships (2 results),Anna Maria Kanyai: not found 2022-2025 | Anna-Maria Kanyai: not found 2022-2025,,,,,,
athlete_match_4369a3166ab57adf,medium,possible_existing_athlete_match,Kim Aram,WAG,Kim A-ram,KOR,0.941,"KOR, KOR",KOR: 2021 - South Korean Championships (5 results),Kim Aram: not found 2022-2025 | Kim A-ram: not found 2022-2025,,,,,,
athlete_match_16301230578b5917,medium,possible_existing_athlete_match,Teresa van Ghemen,WAG,Teresa van Gheman,GER,0.941,"GER, GER",GER: 2021 - 2nd Bundesliga (2 results); 2021 - 3rd Bundesliga (3 results),Teresa van Ghemen: 2022: GER:2 | Teresa van Gheman: not found 2022-2025,,,,,,
athlete_match_c23ba950046cd838,medium,possible_existing_athlete_match,Yella Wagenschein,WAG,Yelia Wagenschein,GER,0.941,"GER, GER",GER: 2021 - 2nd Bundesliga (5 results),Yella Wagenschein: 2024: GER:18 / 2025: GER:12 | Yelia Wagenschein: not found 2022-2025,,,,,,
athlete_match_da41541cec6c2b33,medium,possible_existing_athlete_match,Yuliia Kasianenko,WAG,Yuliia Kasyanenko,UKR,0.941,"UKR, UKR",UKR: 2021 - Ukraine International Cup (3 results),Yuliia Kasianenko: 2022: UKR:16 / 2024: UKR:1 | Yuliia Kasyanenko: not found 2022-2025,,,,,,
athlete_match_3c83500d5e2bbadc,medium,possible_existing_athlete_match,Valérie Menezes-Thibeault,WAG,Valerie Menezes-Thibault,CAN,0.939,"CAN, CAN",CAN: 2021 - Canadian Championships (5 results),Valérie Menezes-Thibeault: not found 2022-2025 | Valerie Menezes-Thibault: not found 2022-2025,,,,,,
athlete_match_e3c4d7f0b5d56f95,medium,possible_existing_athlete_match,Aleksei Kosyanov,MAG,Aleksey Kosyanov,RUS,0.938,"RUS, RUS",RUS: 2021 - Russian Championships (5 results),Aleksei Kosyanov: not found 2022-2025 | Aleksey Kosyanov: not found 2022-2025,,,,,,
athlete_match_825272d004a480f6,medium,possible_existing_athlete_match,Dylan Willaey-Gé,MAG,Dylan Willaey-ge,FRA,0.938,"FRA, FRA",FRA: 2021 - Top 12 Championships (1 results),Dylan Willaey-Gé: not found 2022-2025 | Dylan Willaey-ge: 2022: FRA:18 / 2023: FRA:2,,,,,,
athlete_match_83e861fcdce7e436,medium,possible_existing_athlete_match,Ioannis Perdikis,MAG,Giannis Perdikis,GRE,0.938,"GRE, GRE",GRE: 2021 - Greek Championships (3 results),Ioannis Perdikis: 2022: GRE:21 | Giannis Perdikis: not found 2022-2025,,,,,,
athlete_match_8a06f4d9ea5d2020,medium,possible_existing_athlete_match,Jermain Grunberg,MAG,Jermain Grünberg,NED,0.938,"NED, NED",NED: 2021 - 2nd Dutch Worlds Trials (5 results),Jermain Grunberg: not found 2022-2025 | Jermain Grünberg: 2022: NED:39 / 2023: NED:52 / 2024: NED:43 / 2025: NED:44,,,,,,
athlete_match_48004d94c59fc899,medium,possible_existing_athlete_match,Mykola Syniukhin,MAG,Mykola Synyukhin,UKR,0.938,"UKR, UKR",UKR: 2021 - 7th Bundesliga (5 results),Mykola Syniukhin: 2022: UKR:35 / 2023: UKR:7 / 2025: UKR:12 | Mykola Synyukhin: not found 2022-2025,,,,,,
athlete_match_1bec58b969b2671d,medium,possible_existing_athlete_match,Vassilios Provias,MAG,Vasilis Provias,GRE,0.938,"GRE, GRE",GRE: 2021 - Greek Championships (4 results),Vassilios Provias: not found 2022-2025 | Vasilis Provias: not found 2022-2025,,,,,,
athlete_match_005f9b04a7f2c302,medium,possible_existing_athlete_match,Azuki Kokufugata,WAG,Azuki Kokubugata,JPN,0.938,"JPN, JPN",JPN: 2021 - All-Japan Junior Championships (5 results),Azuki Kokufugata: 2022: JPN:19 / 2023: JPN:18 / 2024: JPN:32 / 2025: JPN:24 | Azuki Kokubugata: not found 2022-2025,,,,,,
athlete_match_bdc521dbc09d19db,medium,possible_existing_athlete_match,Bianca Schermann,WAG,Bianka Schermann,HUN,0.938,"HUN, HUN",HUN: 2021 - Hungarian Event Championships (1 results),Bianca Schermann: not found 2022-2025 | Bianka Schermann: 2022: HUN:37 / 2023: HUN:10 / 2024: HUN:24 / 2025: HUN:27,,,,,,
athlete_match_70303462f81eb3fd,medium,possible_existing_athlete_match,Katsiaryna Yesis,WAG,Katsiaryina Yesi,BLR,0.938,"BLR, BLR",BLR: 2021 - Belarusian Open Cup (5 results),Katsiaryna Yesis: not found 2022-2025 | Katsiaryina Yesi: not found 2022-2025,,,,,,
athlete_match_6600aef2d8cbacb6,medium,possible_existing_athlete_match,Raphaëlle Letort,WAG,Raphaëlle Letord,FRA,0.938,"FRA, FRA",FRA: 2021 - French National Team Review (5 results),Raphaëlle Letort: 2022: FRA:11 / 2023: FRA:41 / 2024: FRA:10 / 2025: FRA:19 | Raphaëlle Letord: not found 2022-2025,,,,,,
athlete_match_0ef1c33c88f23a4d,medium,possible_existing_athlete_match,Aleksei Usachev,MAG,Aleksey Usachev,RUS,0.933,"RUS, RUS",RUS: 2021 - Russian Championships (5 results),Aleksei Usachev: 2023: RUS:17 / 2024: RUS:12 | Aleksey Usachev: not found 2022-2025,,,,,,
athlete_match_b4d5430192cd8a9d,medium,possible_existing_athlete_match,Andrey Medvedov,MAG,Andrey Medvedev,ISR,0.933,"ISR, ISR",ISR: 2021 - Osijek Challenge Cup (5 results),Andrey Medvedov: not found 2022-2025 | Andrey Medvedev: 2022: ISR:37 / 2023: ISR:21 / 2024: ISR:3,,,,,,
athlete_match_08e3b311856fd242,high,possible_existing_athlete_match,Briek van Huele,MAG,Briek van Heule,NED,0.933,"BEL, NED",BEL: 2021 - Wase Gymcup (4 results),Briek van Huele: 2022: BEL:11 / 2023: BEL:11 / 2024: BEL:7 | Briek van Heule: not found 2022-2025,,,,,,
athlete_match_c3f1ec94a15074c8,medium,possible_existing_athlete_match,Chisora Sashiki,MAG,Chisora Sashika,JPN,0.933,"JPN, JPN",JPN: 2021 - All-Japan Senior Championships (5 results),Chisora Sashiki: 2022: JPN:4 / 2023: JPN:5 / 2024: JPN:7 | Chisora Sashika: not found 2022-2025,,,,,,
athlete_match_9d22eee4a78a881b,medium,possible_existing_athlete_match,Dschamel Mergen,MAG,Dschamal Mergen,GER,0.933,"GER, GER",GER: 2021 - 2nd Bundesliga (2 results),Dschamel Mergen: not found 2022-2025 | Dschamal Mergen: 2022: GER:11,,,,,,
athlete_match_b873a778aab1b54d,high,possible_existing_athlete_match,Hugo Villenueve,MAG,Hugo Villeneuve,FRA,0.933,"FRA, MON",MON: 2021 - Ukraine International Cup (5 results),"Hugo Villenueve: not found 2022-2025 | Hugo Villeneuve: 2022: FRA:6 / 2023: FRA:1 / 2024: FRA:18 / 2025: FRA:16, MON:12",,,,,,
athlete_match_e7a7fa0bca5ce973,medium,possible_existing_athlete_match,Josué Heliodoro,MAG,Josue Heliodoro,BRA,0.933,"BRA, BRA",BRA: 2021 - South American Championships (5 results),Josué Heliodoro: not found 2022-2025 | Josue Heliodoro: 2022: BRA:14 / 2023: BRA:30,,,,,,
athlete_match_935f2b1f5fd8f16d,medium,possible_existing_athlete_match,Kotaro Suetsugo,MAG,Kotaro Suetsugi,JPN,0.933,"JPN, JPN",JPN: 2021 - All-Japan Team Championships (4 results),Kotaro Suetsugo: 2022: JPN:4 / 2023: JPN:25 / 2024: JPN:17 / 2025: JPN:48 | Kotaro Suetsugi: 2023: JPN:5,,,,,,
athlete_match_126e217741c333ef,medium,possible_existing_athlete_match,Kyriakos Chatzioannidis,MAG,Kiriakos Hatzioannidis,GRE,0.933,"GRE, GRE",GRE: 2021 - Greek Championships (5 results),Kyriakos Chatzioannidis: 2023: GRE:17 | Kiriakos Hatzioannidis: not found 2022-2025,,,,,,
athlete_match_1069f492d89a88ed,medium,possible_existing_athlete_match,Leo Blumbenberg,MAG,Leo Blumnenberg,SWE,0.933,"SWE, SWE",SWE: 2021 - Swedish Championships (3 results),Leo Blumbenberg: not found 2022-2025 | Leo Blumnenberg: not found 2022-2025,,,,,,
athlete_match_be89a605167d4f2f,medium,possible_existing_athlete_match,Marius Georgiou,MAG,Marios Georgiou,CYP,0.933,"CYP, CYP",CYP: 2021 - German Olympic Trials (5 results),Marius Georgiou: not found 2022-2025 | Marios Georgiou: 2022: CYP:82 / 2023: CYP:10 / 2024: CYP:42 / 2025: CYP:37,,,,,,
athlete_match_9a9636e09a6452a5,medium,possible_existing_athlete_match,Masaharu Tanita,MAG,Masaharu Tanida,JPN,0.933,"JPN, JPN",JPN: 2021 - All-Japan Team Championships (5 results),Masaharu Tanita: 2022: JPN:30 | Masaharu Tanida: 2022: JPN:7 / 2023: JPN:54 / 2024: JPN:44 / 2025: JPN:57,,,,,,
athlete_match_9a7129d4dfd1dcd8,medium,possible_existing_athlete_match,Motohiro Yamada,MAG,Mohohiro Yamada,JPN,0.933,"JPN, JPN",JPN: 2021 - All-Japan Championships (5 results),Motohiro Yamada: 2022: JPN:7 / 2024: JPN:10 / 2025: JPN:27 | Mohohiro Yamada: not found 2022-2025,,,,,,
athlete_match_8853b47afd85c6c3,medium,possible_existing_athlete_match,Yoshiki Nakatani,MAG,Yoshi Nakatani,JPN,0.933,"JPN, JPN",JPN: 2021 - All-Japan Senior Championships (5 results),Yoshiki Nakatani: not found 2022-2025 | Yoshi Nakatani: not found 2022-2025,,,,,,
athlete_match_9087706a8f2f2aea,medium,possible_existing_athlete_match,Anastasiya Ursu,WAG,Anastasiya Ursa,BLR,0.933,"BLR, BLR",BLR: 2021 - Belarusian Open Cup (5 results),Anastasiya Ursu: not found 2022-2025 | Anastasiya Ursa: not found 2022-2025,,,,,,
athlete_match_b3efe1e50f981b00,medium,possible_existing_athlete_match,Helmi Tuohimäki,WAG,Helmi Tuohlmäki,FIN,0.933,"FIN, FIN",FIN: 2021 - Finnish Euros Trials (5 results),Helmi Tuohimäki: 2022: FIN:3 / 2023: FIN:22 | Helmi Tuohlmäki: not found 2022-2025,,,,,,
athlete_match_ff06136449e98423,medium,possible_existing_athlete_match,Kotona Nagashima,WAG,Koto Nagashima,JPN,0.933,"JPN, JPN",JPN: 2021 - All-Japan Student Championships (5 results),Kotona Nagashima: 2024: JPN:5 | Koto Nagashima: not found 2022-2025,,,,,,
athlete_match_c93964c60d924328,medium,possible_existing_athlete_match,Laurie Denommée,WAG,Laurie Denommee,CAN,0.933,"CAN, CAN",CAN: 2021 - Canadian Championships (5 results),Laurie Denommée: 2022: CAN:59 / 2023: CAN:5 / 2024: CAN:22 | Laurie Denommee: not found 2022-2025,,,,,,
athlete_match_4253131b8cf1108b,medium,possible_existing_athlete_match,Marija Petrova,WAG,Marija Petrovska,LAT,0.933,"LAT, LAT",LAT: 2021 - Gymnova Cup (5 results),Marija Petrova: 2022: LAT:11 / 2023: LAT:20 / 2024: LAT:16 / 2025: LAT:30 | Marija Petrovska: 2022: LAT:10,,,,,,
athlete_match_4587f8a21b3793a8,medium,possible_existing_athlete_match,Michèle Gottier,WAG,Michele Gottier,SUI,0.933,"SUI, SUI",SUI: 2021 - Swiss Junior Championships (5 results),Michèle Gottier: not found 2022-2025 | Michele Gottier: not found 2022-2025,,,,,,
athlete_match_31172395fdddd11b,medium,possible_existing_athlete_match,Ahmad Al Dyani,MAG,Ahmed Al Dyani,QAT,0.929,"QAT, QAT",QAT: 2021 - Doha World Cup (1 results),Ahmad Al Dyani: not found 2022-2025 | Ahmed Al Dyani: not found 2022-2025,,,,,,
athlete_match_f0d950503754418d,medium,possible_existing_athlete_match,Aleksei Kozlov,MAG,Aleksey Kozlov,RUS,0.929,"RUS, RUS",RUS: 2021 - Russian Championships (5 results),Aleksei Kozlov: not found 2022-2025 | Aleksey Kozlov: not found 2022-2025,,,,,,
athlete_match_f70181b40f71f39a,medium,possible_existing_athlete_match,Aleksei Ryabov,MAG,Aleksey Ryabov,RUS,0.929,"RUS, RUS",RUS: 2021 - Russian Championships (5 results),Aleksei Ryabov: not found 2022-2025 | Aleksey Ryabov: not found 2022-2025,,,,,,
athlete_match_9df0722418494949,medium,possible_existing_athlete_match,Andrei Lagutov,MAG,Andrey Lagutov,RUS,0.929,"RUS, RUS",RUS: 2021 - Russian Championships (5 results),Andrei Lagutov: 2022: RUS:29 | Andrey Lagutov: 2023: RUS:7,,,,,,
athlete_match_a803161bbd44cd2e,medium,possible_existing_athlete_match,Artem Havrykov,MAG,Artem Gavrykov,UKR,0.929,"UKR, UKR",UKR: 2021 - Ukrainian Championships (5 results),Artem Havrykov: not found 2022-2025 | Artem Gavrykov: not found 2022-2025,,,,,,
athlete_match_77a584561295dc9b,medium,possible_existing_athlete_match,Daniel Carrion,MAG,Dawiel Carrion,ESP,0.929,"ESP, ESP",ESP: 2021 - Spanish Championships (5 results),Daniel Carrion: 2022: ESP:87 / 2023: ESP:55 / 2024: ESP:35 / 2025: ESP:10 | Dawiel Carrion: not found 2022-2025,,,,,,
athlete_match_ede89ee5e396257f,medium,possible_existing_athlete_match,Hung Shih-Tung,MAG,Hung Shih Tung,TPE,0.929,"TPE, TPE",TPE: 2021 - World Championships (5 results),Hung Shih-Tung: 2023: TPE:8 | Hung Shih Tung: not found 2022-2025,,,,,,
athlete_match_b41c9efcd4f497f1,medium,possible_existing_athlete_match,Ilya Vasilenka,MAG,Iliya Vaslenka,BLR,0.929,"BLR, BLR",BLR: 2021 - Belarusian Open Cup (5 results),Ilya Vasilenka: not found 2022-2025 | Iliya Vaslenka: not found 2022-2025,,,,,,
athlete_match_32cb19629ba07169,medium,possible_existing_athlete_match,Kasper Sjothun,MAG,Kasper Sjøthun,NOR,0.929,"NOR, NOR",NOR: 2021 - Unisport Norges Cup (5 results),Kasper Sjothun: not found 2022-2025 | Kasper Sjøthun: 2023: NOR:23,,,,,,
athlete_match_33a044b898d7ac44,medium,possible_existing_athlete_match,Vadim Solovyev,MAG,Vadim Solovyov,RUS,0.929,"RUS, RUS",RUS: 2021 - Russian Championships (3 results),Vadim Solovyev: not found 2022-2025 | Vadim Solovyov: not found 2022-2025,,,,,,
athlete_match_a7e51919e003e262,medium,possible_existing_athlete_match,Yunus Gündogdu,MAG,Yunus Gundogdu,TUR,0.929,"TUR, TUR",TUR: 2021 - Ukraine International Cup (5 results),Yunus Gündogdu: 2022: TUR:23 / 2023: TUR:33 / 2024: TUR:30 / 2025: TUR:22 | Yunus Gundogdu: not found 2022-2025,,,,,,
athlete_match_669cdf8438e5d32e,medium,possible_existing_athlete_match,Ariadna Laguna,WAG,Adriana Laguna,ESP,0.929,"ESP, ESP",ESP: 2021 - 2nd Spanish League (5 results),Ariadna Laguna: not found 2022-2025 | Adriana Laguna: 2022: ESP:5,,,,,,
athlete_match_969b58b12f2078ea,medium,possible_existing_athlete_match,Chiasko Tokuda,WAG,Chisako Tokuda,JPN,0.929,"JPN, JPN",JPN: 2021 - All-Japan Championships (5 results),Chiasko Tokuda: not found 2022-2025 | Chisako Tokuda: 2022: JPN:6 / 2024: JPN:6,,,,,,
athlete_match_ee0099924bf91a6b,medium,possible_existing_athlete_match,Clémence Gobet,WAG,Clemence Gobet,SUI,0.929,"SUI, SUI",SUI: 2021 - Swiss Championships (5 results),Clémence Gobet: 2022: SUI:3 / 2023: SUI:2 / 2024: SUI:5 | Clemence Gobet: not found 2022-2025,,,,,,
athlete_match_b5b2101cfd0d06ff,medium,possible_existing_athlete_match,Duha Al Habshi,WAG,Duha Al-Habshi,QAT,0.929,"QAT, QAT",QAT: 2021 - Doha World Cup (5 results),Duha Al Habshi: 2022: QAT:3 | Duha Al-Habshi: not found 2022-2025,,,,,,
athlete_match_d3311113a7478e13,medium,possible_existing_athlete_match,Esmée Beekhuis,WAG,Esmee Beekhuis,NED,0.929,"NED, NED",NED: 2021 - 2nd Dutch Worlds Trials (5 results),Esmée Beekhuis: 2022: NED:28 / 2025: NED:7 | Esmee Beekhuis: 2023: NED:4,,,,,,
athlete_match_b42474e3d4ba05e7,medium,possible_existing_athlete_match,Gunnva Morkøre,WAG,Gunnva Mørkøre,DEN,0.929,"DEN, DEN",DEN: 2021 - Northern European Championships (5 results),Gunnva Morkøre: not found 2022-2025 | Gunnva Mørkøre: 2022: DEN:5,,,,,,
athlete_match_2ae66b22c35908bd,medium,possible_existing_athlete_match,Juliya Lukhtan,WAG,Yuliya Lukhtan,BLR,0.929,"BLR, BLR",BLR: 2021 - Belarusian Open Cup (5 results),Juliya Lukhtan: 2023: BLR:5 | Yuliya Lukhtan: not found 2022-2025,,,,,,
athlete_match_614d9cf24fe66c32,medium,possible_existing_athlete_match,Koto Yamazaki,WAG,Kotoha Yamazaki,JPN,0.929,"JPN, JPN",JPN: 2021 - All-Japan Junior Championships (5 results),Koto Yamazaki: 2023: JPN:5 / 2024: JPN:7 | Kotoha Yamazaki: not found 2022-2025,,,,,,
athlete_match_76ec826312fc2d41,medium,possible_existing_athlete_match,Mihiro Kawasaki,WAG,Miho Kawasaki,JPN,0.929,"JPN, JPN",JPN: 2021 - All-Japan Junior Championships (5 results),Mihiro Kawasaki: not found 2022-2025 | Miho Kawasaki: not found 2022-2025,,,,,,
athlete_match_ac3cc41c4b9bd5fb,medium,possible_existing_athlete_match,Ruka Nakamura,WAG,Haruka Nakamura,JPN,0.929,"JPN, JPN",JPN: 2021 - All-Japan Junior Championships (5 results),Ruka Nakamura: 2022: JPN:2 / 2023: JPN:10 / 2024: JPN:6 / 2025: JPN:10 | Haruka Nakamura: 2022: JPN:17 / 2023: JPN:51 / 2024: JPN:48 / 2025: JPN:46,,,,,,
athlete_match_bcd31f6566a8f024,medium,possible_existing_athlete_match,Sakumi Watanabe,WAG,Saki Watanabe,JPN,0.929,"JPN, JPN",JPN: 2021 - All-Japan Student Championships (5 results),Sakumi Watanabe: 2022: JPN:5 / 2024: JPN:5 | Saki Watanabe: not found 2022-2025,,,,,,
athlete_match_ebc94be1b2f1a5bf,medium,possible_existing_athlete_match,Yuri Kashiwagi,WAG,Juri Kashiwagi,JPN,0.929,"JPN, JPN",JPN: 2021 - All-Japan Student Championships (5 results),Yuri Kashiwagi: 2022: JPN:5 / 2023: JPN:16 / 2024: JPN:1 | Juri Kashiwagi: 2022: JPN:8,,,,,,
athlete_match_e8c34c4201493a44,medium,possible_existing_athlete_match,Dante Holwijn-Janssen,MAG,Danté Holwijn-Jansen,NED,0.927,"NED, NED",NED: 2021 - Wase Gymcup (5 results),Dante Holwijn-Janssen: not found 2022-2025 | Danté Holwijn-Jansen: not found 2022-2025,,,,,,
athlete_match_94e11f3a7d0e0376,medium,possible_existing_athlete_match,Aleksei Lunev,MAG,Aleksey Lunev,RUS,0.923,"RUS, RUS",RUS: 2021 - Russian Championships (5 results),Aleksei Lunev: not found 2022-2025 | Aleksey Lunev: not found 2022-2025,,,,,,
athlete_match_a3154e63eaa97981,medium,possible_existing_athlete_match,Edvard Meskau,MAG,Edvard Mescau,NOR,0.923,"NOR, NOR",NOR: 2021 - Norwegian Championships (5 results),Edvard Meskau: 2022: NOR:21 / 2023: NOR:42 / 2024: NOR:19 | Edvard Mescau: not found 2022-2025,,,,,,
athlete_match_9c19d6084ffa36cf,medium,possible_existing_athlete_match,Kazuma Kotoga,MAG,Kazuma Kotoge,JPN,0.923,"JPN, JPN",JPN: 2021 - All-Japan Junior Championships (5 results),Kazuma Kotoga: not found 2022-2025 | Kazuma Kotoge: 2022: JPN:30 / 2023: JPN:7 / 2024: JPN:7 / 2025: JPN:17,,,,,,
athlete_match_4eef2c11d861c8b3,high,possible_existing_athlete_match,Marvin Keller,MAG,Martin Keller,FRA,0.923,"FRA, GER",GER: 2021 - 3rd Bundesliga (1 results); 2021 - Bundesliga Relegation Match (1 results),Marvin Keller: not found 2022-2025 | Martin Keller: not found 2022-2025,,,,,,
athlete_match_92b8b1c9b99531f8,medium,possible_existing_athlete_match,Nico Olivieri,MAG,Nico Oliveiri,ITA,0.923,"ITA, ITA",ITA: 2021 - 1st Italian Serie A (2 results); 2021 - 2nd Itailan Serie A (2 results); 2021 - 3rd Italian Serie A (1 results),Nico Olivieri: 2023: ITA:1 | Nico Oliveiri: 2022: ITA:1,,,,,,
athlete_match_26d0c003e2859f15,medium,possible_existing_athlete_match,Pavel Gulidov,MAG,Pavel Golidov,ISR,0.923,"ISR, ISR",ISR: 2021 - Osijek Challenge Cup (3 results); 2021 - Varna Challenge Cup (2 results),Pavel Gulidov: 2022: ISR:54 / 2023: ISR:36 / 2024: ISR:17 / 2025: ISR:17 | Pavel Golidov: not found 2022-2025,,,,,,
athlete_match_ab3bb1ebb5d1c28c,medium,possible_existing_athlete_match,Shogo Nomura,MAG,Shogo Nonomura,JPN,0.923,"JPN, JPN",JPN: 2021 - All-Japan Junior Championships (5 results),Shogo Nomura: not found 2022-2025 | Shogo Nonomura: not found 2022-2025,,,,,,
athlete_match_08245aeb71c868da,medium,possible_existing_athlete_match,Adelina Rylko,WAG,Adeline Rylko,BLR,0.923,"BLR, BLR",BLR: 2021 - Belarusian Open Cup (5 results),Adelina Rylko: 2022: BLR:4 / 2023: BLR:2 / 2024: BLR:6 | Adeline Rylko: not found 2022-2025,,,,,,
athlete_match_6968a0711ae6737b,medium,possible_existing_athlete_match,Akiho Tokita,WAG,Akiraho Tokita,JPN,0.923,"JPN, JPN",JPN: 2021 - All-Japan Championships (5 results),Akiho Tokita: 2022: JPN:5 / 2023: JPN:7 / 2024: JPN:17 / 2025: JPN:21 | Akiraho Tokita: not found 2022-2025,,,,,,
athlete_match_1587978811c85b8e,medium,possible_existing_athlete_match,Djeneba Barro Vella,WAG,Djenebba Barro-Vella,FRA,0.923,"FRA, FRA",FRA: 2021 - Elite Gym Massilia (5 results),Djeneba Barro Vella: not found 2022-2025 | Djenebba Barro-Vella: not found 2022-2025,,,,,,
athlete_match_3111dbf2f0095fdd,medium,possible_existing_athlete_match,Iulia Dutciac,WAG,Iulia Dutceac,ROU,0.923,"ROU, ROU",ROU: 2021 - Romanian Junior Championships (1 results),Iulia Dutciac: 2022: ROU:4 | Iulia Dutceac: 2022: ROU:6,,,,,,
athlete_match_3e9580f3d2eeee7d,medium,possible_existing_athlete_match,Mia Perrement,WAG,Mia Perryment,GBR,0.923,"GBR, GBR",GBR: 2021 - Rushmoor Rosebowl (5 results),Mia Perrement: not found 2022-2025 | Mia Perryment: 2022: GBR:23 / 2023: GBR:14 / 2024: GBR:10 / 2025: GBR:7,,,,,,
athlete_match_9e58780843a6658c,medium,possible_existing_athlete_match,Zélie Bernard,WAG,Zelie Bernard,FRA,0.923,"FRA, FRA",FRA: 2021 - French Championships (5 results),Zélie Bernard: not found 2022-2025 | Zelie Bernard: not found 2022-2025,,,,,,
athlete_match_b6339913075aebdf,medium,possible_existing_athlete_match,Cao Junsheng,MAG,Cao Juncheng,CHN,0.917,"CHN, CHN",CHN: 2021 - Chinese National Games (5 results),Cao Junsheng: not found 2022-2025 | Cao Juncheng: not found 2022-2025,,,,,,
athlete_match_7d2925174261f26e,medium,possible_existing_athlete_match,Jan Carreres,MAG,Jan Carreras,ESP,0.917,"ESP, ESP",ESP: 2021 - Spanish Championships (5 results),Jan Carreres: 2022: ESP:7 / 2023: ESP:26 / 2024: ESP:25 | Jan Carreras: not found 2022-2025,,,,,,
athlete_match_6b80ba2664aba324,medium,possible_existing_athlete_match,Léo Saladino,MAG,Leo Saladino,FRA,0.917,"FRA, FRA",FRA: 2021 - French Championships (4 results),Léo Saladino: 2022: FRA:89 / 2023: FRA:71 / 2024: FRA:64 / 2025: FRA:77 | Leo Saladino: 2022: FRA:17,,,,,,
athlete_match_b7a98dfc0c22d5ad,high,possible_existing_athlete_match,Lukas Hauser,MAG,Lukas Houser,SWE,0.917,"GER, SWE",GER: 2021 - 1st Bundesliga (1 results); 2021 - 2nd Bundesliga (1 results); 2021 - 3rd Bundesliga (2 results); 2021 - 4th Bundesliga (1 results),Lukas Hauser: not found 2022-2025 | Lukas Houser: 2022: SWE:30 / 2023: SWE:25 / 2024: SWE:12,,,,,,
athlete_match_2740ceaf5a10c5fc,medium,possible_existing_athlete_match,Pavel Shibko,MAG,Pavel Shybko,BLR,0.917,"BLR, BLR",BLR: 2021 - Belarusian Open Cup (5 results),Pavel Shibko: not found 2022-2025 | Pavel Shybko: not found 2022-2025,,,,,,
athlete_match_074ff727810797ed,medium,possible_existing_athlete_match,Seo Jungwon,MAG,Seo Jung-woon,KOR,0.917,"KOR, KOR",KOR: 2021 - Korean National Sports Festival (5 results),Seo Jungwon: 2023: KOR:17 / 2024: KOR:9 / 2025: KOR:27 | Seo Jung-woon: not found 2022-2025,,,,,,
athlete_match_2e26250e2a5b1b68,medium,possible_existing_athlete_match,Syota Tajima,MAG,Shota Tajima,JPN,0.917,"JPN, JPN",JPN: 2021 - All-Japan Junior Championships (5 results),Syota Tajima: 2023: JPN:17 / 2024: JPN:16 / 2025: JPN:14 | Shota Tajima: 2022: JPN:1,,,,,,
athlete_match_a5494adb3722ca81,medium,possible_existing_athlete_match,Yutaro Sasaki,MAG,Yuta Sasaki,JPN,0.917,"JPN, JPN",JPN: 2021 - All-Japan Junior Championships (5 results),Yutaro Sasaki: 2022: JPN:7 / 2023: JPN:7 / 2024: JPN:7 / 2025: JPN:28 | Yuta Sasaki: not found 2022-2025,,,,,,
athlete_match_f53bb42e124d8cf8,medium,possible_existing_athlete_match,Ambre Frotté,WAG,Ambre Frotte,FRA,0.917,"FRA, FRA",FRA: 2021 - Elite Gym Massilia (5 results),Ambre Frotté: 2022: FRA:36 / 2023: FRA:11 / 2024: FRA:20 / 2025: FRA:3 | Ambre Frotte: not found 2022-2025,,,,,,
athlete_match_8b81a73fc08d1a37,medium,possible_existing_athlete_match,Aoi Furiyama,WAG,Aoi Furuyama,JPN,0.917,"JPN, JPN",JPN: 2021 - All-Japan Student Championships (5 results),Aoi Furiyama: not found 2022-2025 | Aoi Furuyama: not found 2022-2025,,,,,,
athlete_match_d75027c79a3df3b1,medium,possible_existing_athlete_match,Célia Serber,WAG,Celia Serber,FRA,0.917,"FRA, FRA",FRA: 2021 - FIT Challenge (5 results),Célia Serber: 2022: FRA:10 / 2023: FRA:11 / 2024: FRA:15 / 2025: FRA:19 | Celia Serber: 2022: FRA:8 / 2023: FRA:1,,,,,,
athlete_match_40d4ccb217416fa2,medium,possible_existing_athlete_match,Erica Traicu,WAG,Erika Traicu,ROU,0.917,"ROU, ROU",ROU: 2021 - Romanian Junior Championships (2 results),Erica Traicu: not found 2022-2025 | Erika Traicu: not found 2022-2025,,,,,,
athlete_match_c2a4244e80bd3b59,medium,possible_existing_athlete_match,Koba Ushioka,WAG,Koba Ushioku,JPN,0.917,"JPN, JPN",JPN: 2021 - All-Japan Event Championships (5 results),Koba Ushioka: not found 2022-2025 | Koba Ushioku: 2022: JPN:12,,,,,,
athlete_match_23d4d6061eb5111e,medium,possible_existing_athlete_match,Loïcia Porte,WAG,Loicia Porte,FRA,0.917,"FRA, FRA",FRA: 2021 - Elite Gym Massilia (5 results),Loïcia Porte: not found 2022-2025 | Loicia Porte: 2022: FRA:10 / 2023: FRA:36 / 2024: FRA:19 / 2025: FRA:38,,,,,,
athlete_match_e2341fbd9bf5e095,medium,possible_existing_athlete_match,Maryia Enina,WAG,Mariya Enina,BLR,0.917,"BLR, BLR",BLR: 2021 - Belarusian Open Cup (5 results),Maryia Enina: not found 2022-2025 | Mariya Enina: not found 2022-2025,,,,,,
athlete_match_0f6b7032340f945f,medium,possible_existing_athlete_match,Solja Müller,WAG,Solja Muller,DEN,0.917,"DEN, DEN",DEN: 2021 - Danish Junior Championships (5 results),Solja Müller: not found 2022-2025 | Solja Muller: not found 2022-2025,,,,,,
athlete_match_3ca94862ce2af8f7,medium,possible_existing_athlete_match,Yléane Tared,WAG,Yleane Tared,FRA,0.917,"FRA, FRA",FRA: 2021 - Top 12 Championships (1 results),Yléane Tared: 2022: FRA:1 | Yleane Tared: not found 2022-2025,,,,,,
athlete_match_084e2c9d34d1c616,medium,possible_existing_athlete_match,Elizaveta Dianova,WAG,Elizaveta Dudanova,RUS,0.914,"RUS, RUS",RUS: 2021 - Russian Youth Spartakiade (5 results),Elizaveta Dianova: not found 2022-2025 | Elizaveta Dudanova: not found 2022-2025,,,,,,
athlete_match_59395d5f7cb3b185,medium,possible_existing_athlete_match,Kéziah Langendock,WAG,Keziah Langendonck,BEL,0.914,"BEL, BEL",BEL: 2021 - Elite Gym Massilia (5 results),Kéziah Langendock: not found 2022-2025 | Keziah Langendonck: not found 2022-2025,,,,,,
athlete_match_25567b1f6759d7ee,medium,possible_existing_athlete_match,Konstantinidis Kalaitzis,MAG,Konstantinos Kalaitzis,GRE,0.913,"GRE, GRE",GRE: 2021 - Greek Championships (3 results),Konstantinidis Kalaitzis: not found 2022-2025 | Konstantinos Kalaitzis: 2022: GRE:1,,,,,,
athlete_match_763b8f25111ee567,medium,possible_existing_athlete_match,Panagiotis Bilis,MAG,Panagiotis Mpilis,GRE,0.909,"GRE, GRE",GRE: 2021 - Greek Championships (5 results),Panagiotis Bilis: 2022: GRE:20 / 2023: GRE:1 | Panagiotis Mpilis: not found 2022-2025,,,,,,
athlete_match_fb073b5f29448af6,high,possible_existing_athlete_match,Sem Ornelis,MAG,Sam Ornelis,NED,0.909,"BEL, NED",BEL: 2021 - Wase Gymcup (4 results),Sem Ornelis: 2024: BEL:4 | Sam Ornelis: not found 2022-2025,,,,,,
athlete_match_37c2d33187601274,medium,possible_existing_athlete_match,Weng Haoran,MAG,Wang Haoran,CHN,0.909,"CHN, CHN",CHN: 2021 - Chinese Championships (1 results),Weng Haoran: not found 2022-2025 | Wang Haoran: 2022: CHN:22 / 2023: CHN:18 / 2024: CHN:15 / 2025: CHN:20,,,,,,
athlete_match_3a3ec98673ab7637,medium,possible_existing_athlete_match,Wilgot Hyll,MAG,Vilgot Hyll,SWE,0.909,"SWE, SWE",SWE: 2021 - Nordic Junior Championships (2 results),Wilgot Hyll: not found 2022-2025 | Vilgot Hyll: 2022: SWE:22 / 2023: SWE:29,,,,,,
athlete_match_55ed74dc882bf458,medium,possible_existing_athlete_match,Yuta Yamada,MAG,Yuto Yamada,JPN,0.909,"JPN, JPN",JPN: 2021 - All-Japan Junior Championships (5 results),Yuta Yamada: not found 2022-2025 | Yuto Yamada: not found 2022-2025,,,,,,
athlete_match_ad6dfbb56a41af71,medium,possible_existing_athlete_match,Ziad Khater,MAG,Zaid Khater,EGY,0.909,"EGY, EGY",EGY: 2021 - African Championships (5 results),Ziad Khater: not found 2022-2025 | Zaid Khater: 2022: EGY:11 / 2023: EGY:25,,,,,,
athlete_match_c00a833563308ae2,medium,possible_existing_athlete_match,Aimée Meyer,WAG,Aimee Meyer,SUI,0.909,"SUI, SUI",SUI: 2021 - Swiss Junior Championships (5 results),Aimée Meyer: 2023: SUI:14 | Aimee Meyer: 2022: SUI:10,,,,,,
athlete_match_dc6a4a2734828617,medium,possible_existing_athlete_match,Carla Ferré,WAG,Carla Ferre,ESP,0.909,"ESP, ESP",ESP: 2021 - 3rd Spanish League (5 results),Carla Ferré: not found 2022-2025 | Carla Ferre: not found 2022-2025,,,,,,
athlete_match_84e170552ea17633,medium,possible_existing_athlete_match,Maëva Guery,WAG,Maeva Guery,FRA,0.909,"FRA, FRA",FRA: 2021 - French Championships (5 results),Maëva Guery: 2023: FRA:5 / 2024: FRA:6 / 2025: FRA:11 | Maeva Guery: 2022: FRA:11 / 2023: FRA:20 / 2024: FRA:8,,,,,,
athlete_match_355511ecb4fa8a17,medium,possible_existing_athlete_match,Miyu Suzuki,WAG,Miku Suzuki,JPN,0.909,"JPN, JPN",JPN: 2021 - All-Japan Junior Championships (5 results),Miyu Suzuki: 2023: JPN:5 / 2024: JPN:5 | Miku Suzuki: not found 2022-2025,,,,,,
athlete_match_1ef6612461643d34,medium,possible_existing_athlete_match,Paula Gomez,WAG,Paola Gomez,ESP,0.909,"ESP, ESP",ESP: 2021 - 1st Spanish League (1 results); 2021 - 2nd Spanish League (1 results); 2021 - 3rd Spanish League (1 results); 2021 - Spanish League Finals (2 results),Paula Gomez: 2022: ESP:3 | Paola Gomez: not found 2022-2025,,,,,,
athlete_match_c28c651cf0e1552b,medium,possible_existing_athlete_match,Wang Jiahui,WAG,Wang Jiarui,CHN,0.909,"CHN, CHN",CHN: 2021 - Chinese Championships (5 results),Wang Jiahui: 2022: CHN:3 / 2023: CHN:10 / 2024: CHN:1 / 2025: CHN:5 | Wang Jiarui: not found 2022-2025,,,,,,
athlete_match_85475073ec517b74,medium,possible_existing_athlete_match,Yléa Tollet,WAG,Ylea Tollet,BEL,0.909,"BEL, BEL",BEL: 2021 - Wase Gymcup (5 results),Yléa Tollet: 2022: BEL:9 / 2024: BEL:2 / 2025: BEL:8 | Ylea Tollet: 2023: BEL:9 / 2025: BEL:9,,,,,,
athlete_match_c7c5602a66b076d2,medium,possible_existing_athlete_match,Vladyslav Hontkivskiy,MAG,Vladislav Gontkivskiy,UKR,0.905,"UKR, UKR",UKR: 2021 - Ukrainian Championships (5 results),Vladyslav Hontkivskiy: not found 2022-2025 | Vladislav Gontkivskiy: not found 2022-2025,,,,,,
athlete_match_2687cb861b499470,medium,possible_existing_athlete_match,Alexey Bogdanov,MAG,Aleksey Bogdanov,RUS,0.903,"RUS, RUS",RUS: 2021 - 4th Bundesliga (5 results),Alexey Bogdanov: not found 2022-2025 | Aleksey Bogdanov: not found 2022-2025,,,,,,
athlete_match_e6ede1b4f1a0067a,medium,possible_existing_athlete_match,Pantely Kolodii,MAG,Panteley Kolodiy,UKR,0.903,"UKR, UKR",UKR: 2021 - Ukrainian Championships (5 results),Pantely Kolodii: 2022: UKR:11 / 2023: UKR:21 | Panteley Kolodiy: not found 2022-2025,,,,,,
athlete_match_c23c0d37e0446521,medium,possible_existing_athlete_match,Alana Oliveira,WAG,Alana de Oliveira,BRA,0.903,"BRA, BRA",BRA: 2021 - Brazilian Junior Championships (5 results),Alana Oliveira: 2022: BRA:22 / 2023: BRA:4 / 2024: BRA:5 | Alana de Oliveira: 2022: BRA:4,,,,,,
athlete_match_231d94e0b75f298c,medium,possible_existing_athlete_match,Miki Takahashi,WAG,Maiyuki Takahashi,JPN,0.903,"JPN, JPN",JPN: 2021 - All-Japan Student Championships (5 results),Miki Takahashi: not found 2022-2025 | Maiyuki Takahashi: not found 2022-2025,,,,,,
athlete_match_ef819e2f89fb0775,medium,possible_existing_athlete_match,Bin Qinhao,MAG,Bai Qinhao,CHN,0.9,"CHN, CHN",CHN: 2021 - Chinese Championships (5 results),Bin Qinhao: not found 2022-2025 | Bai Qinhao: not found 2022-2025,,,,,,
athlete_match_40e922fcc51c2315,medium,possible_existing_athlete_match,Ilya Zanka,MAG,Ilya Zaika,RUS,0.9,"RUS, RUS",RUS: 2021 - Russian Championships (1 results),Ilya Zanka: not found 2022-2025 | Ilya Zaika: 2022: RUS:5 / 2023: RUS:4 / 2024: RUS:6 / 2025: RUS:10,,,,,,
athlete_match_44391abc8acb26a7,medium,possible_existing_athlete_match,Oriol Rifa,MAG,Oriel Rifa,ESP,0.9,"ESP, ESP",ESP: 2021 - Spanish Championships (5 results),Oriol Rifa: 2022: ESP:25 / 2023: ESP:17 | Oriel Rifa: not found 2022-2025,,,,,,
athlete_match_04029478440958d4,medium,possible_existing_athlete_match,Reo Kurata,MAG,Leo Kurata,JPN,0.9,"JPN, JPN",JPN: 2021 - All-Japan Student Championships (5 results),Reo Kurata: 2023: JPN:7 | Leo Kurata: 2022: JPN:7,,,,,,
athlete_match_b24354c64701a1d6,medium,possible_existing_athlete_match,Stavros Doumparatzis,MAG,Stauros Doymparatzis,GRE,0.9,"GRE, GRE",GRE: 2021 - Greek Championships (4 results),Stavros Doumparatzis: 2022: GRE:3 / 2023: GRE:4 | Stauros Doymparatzis: not found 2022-2025,,,,,,
athlete_match_078c797954763366,medium,possible_existing_athlete_match,Wu Junting,MAG,Wu Junding,CHN,0.9,"CHN, CHN",CHN: 2021 - Chinese Championships (5 results),Wu Junting: 2024: CHN:4 / 2025: CHN:3 | Wu Junding: 2022: CHN:5,,,,,,
athlete_match_584a12575e91a47d,medium,possible_existing_athlete_match,Airi Takada,WAG,Ai Takada,JPN,0.9,"JPN, JPN",JPN: 2021 - All-Japan Junior Championships (5 results),Airi Takada: 2023: JPN:5 | Ai Takada: not found 2022-2025,,,,,,
athlete_match_0761f99f6ad92a33,medium,possible_existing_athlete_match,Ona Garcia,WAG,Ana Garcia,ESP,0.9,"ESP, ESP",ESP: 2021 - 1st Spanish League (2 results),Ona Garcia: not found 2022-2025 | Ana Garcia: not found 2022-2025,,,,,,
athlete_match_2ed12b7d5c78386d,medium,possible_existing_athlete_match,Rei Takagi,WAG,Rei Takaki,JPN,0.9,"JPN, JPN",JPN: 2021 - All-Japan Senior Championships (5 results),Rei Takagi: 2022: JPN:6 / 2023: JPN:6 / 2024: JPN:10 | Rei Takaki: not found 2022-2025,,,,,,
athlete_match_aeaa82c5678e8df7,medium,possible_existing_athlete_match,Gabriel de Souza,MAG,Gabriel Souza,BRA,0.897,"BRA, BRA",BRA: 2021 - Brazilian Junior Championships (5 results),Gabriel de Souza: not found 2022-2025 | Gabriel Souza: 2022: BRA:8 / 2023: BRA:9 / 2025: BRA:9,,,,,,
athlete_match_276aa7a173731fb4,medium,possible_existing_athlete_match,Hirohito Kohama,MAG,Hirohito Obama,JPN,0.897,"JPN, JPN",JPN: 2021 - All-Japan Championships (1 results); 2021 - All-Japan Senior Championships (4 results),Hirohito Kohama: 2022: JPN:8 / 2023: JPN:3 | Hirohito Obama: not found 2022-2025,,,,,,
athlete_match_57d87605a2902855,high,possible_existing_athlete_match,Nicolas Garcia,MAG,Nicolas Garfias,CAN,0.897,"CAN, ESP",ESP: 2021 - Spanish Championships (5 results),Nicolas Garcia: 2022: ESP:7 / 2023: ESP:7 / 2024: ESP:7 | Nicolas Garfias: 2022: PER:1 / 2023: PER:12 / 2024: PER:2,,,,,,
athlete_match_beee6029f1afda42,medium,possible_existing_athlete_match,Rodrigo Silva,MAG,Rodrigo da Silva,BRA,0.897,"BRA, BRA",BRA: 2021 - Brazilian Championships (1 results),Rodrigo Silva: not found 2022-2025 | Rodrigo da Silva: not found 2022-2025,,,,,,
athlete_match_cfdb5f78c87b2c1e,medium,possible_existing_athlete_match,Yudai Yamaguchi,MAG,Yuki Yamaguchi,JPN,0.897,"JPN, JPN",JPN: 2021 - All-Japan Junior Championships (5 results),Yudai Yamaguchi: 2025: JPN:14 | Yuki Yamaguchi: not found 2022-2025,,,,,,
athlete_match_e6796402bd2e398d,medium,possible_existing_athlete_match,Alina Frolova,WAG,Angelina Frolova,RUS,0.897,"RUS, RUS",RUS: 2021 - Russian Federal Championships (5 results),Alina Frolova: not found 2022-2025 | Angelina Frolova: not found 2022-2025,,,,,,
athlete_match_e2b0e7f620ccf4a1,medium,possible_existing_athlete_match,Ariadna Sanchez,WAG,Aitana Sanchez,ESP,0.897,"ESP, ESP",ESP: 2021 - 1st Spanish League (3 results); 2021 - 3rd Spanish League (2 results),Ariadna Sanchez: 2022: ESP:11 / 2023: ESP:5 / 2024: ESP:5 / 2025: ESP:5 | Aitana Sanchez: 2022: ESP:15,,,,,,
athlete_match_c44e2a5b076d9380,medium,possible_existing_athlete_match,Daniela Hachova,WAG,Daniela Halova,CZE,0.897,"CZE, CZE",CZE: 2021 - Czech Team Championships (5 results),Daniela Hachova: 2022: CZE:18 / 2023: CZE:31 / 2024: CZE:25 / 2025: CZE:14 | Daniela Halova: 2022: CZE:31 / 2023: CZE:9 / 2024: CZE:8 / 2025: CZE:11,,,,,,
athlete_match_29d8ec2dd0e0ecf0,medium,possible_existing_athlete_match,Natalia de Jesus,WAG,Natalia Jesus,BRA,0.897,"BRA, BRA",BRA: 2021 - Brazilian Championships (5 results),Natalia de Jesus: not found 2022-2025 | Natalia Jesus: not found 2022-2025,,,,,,
athlete_match_69a43ee1f9285562,medium,possible_existing_athlete_match,Sofia Korolyova,WAG,Sofia Koroleva,RUS,0.897,"RUS, RUS",RUS: 2021 - Russian Championships (5 results),Sofia Korolyova: not found 2022-2025 | Sofia Koroleva: not found 2022-2025,,,,,,
athlete_match_be59a57bc833537a,medium,possible_existing_athlete_match,Djeneba Barro Vela,WAG,Djenebba Barro-Vella,FRA,0.895,"FRA, FRA",FRA: 2021 - Top 12 Championships (3 results),Djeneba Barro Vela: 2024: FRA:5 | Djenebba Barro-Vella: not found 2022-2025,,,,,,
athlete_match_8dac10aead62aed3,medium,possible_existing_athlete_match,Marharyta Kozlovska,WAG,Margarita Kozlovska,UKR,0.895,"UKR, UKR",UKR: 2021 - Ukrainian Championships (5 results),Marharyta Kozlovska: 2022: UKR:17 / 2023: UKR:5 | Margarita Kozlovska: not found 2022-2025,,,,,,
athlete_match_0b5994c0b87f6d87,high,possible_existing_athlete_match,Daniel Martin,MAG,Daniel Marinov,RUS,0.889,"ESP, RUS",ESP: 2021 - Spanish Championships (5 results),Daniel Martin: 2022: ESP:7 / 2023: ESP:22 / 2024: ESP:26 / 2025: ESP:9 | Daniel Marinov: 2022: RUS:79 / 2023: RUS:59 / 2024: RUS:45 / 2025: RUS:58,,,,,,
athlete_match_1154a1925ea62166,medium,possible_existing_athlete_match,Daniil Duvanov,MAG,Daniil Ivanov,RUS,0.889,"RUS, RUS",RUS: 2021 - Russian Youth Spartakiade (5 results),Daniil Duvanov: not found 2022-2025 | Daniil Ivanov: 2022: RUS:7 / 2025: RUS:8,,,,,,
athlete_match_0b941e053a9161e9,medium,possible_existing_athlete_match,Hung Yuan-Hsi,MAG,Hung Yuang-His,TPE,0.889,"TPE, TPE",TPE: 2021 - Olympic Games (5 results),Hung Yuan-Hsi: 2022: TPE:20 / 2023: TPE:16 / 2024: TPE:13 / 2025: TPE:8 | Hung Yuang-His: not found 2022-2025,,,,,,
athlete_match_92b2bd0e06f1ca90,medium,possible_existing_athlete_match,Shin Donghyun,MAG,Shin Dong-hyen,KOR,0.889,"KOR, KOR",KOR: 2021 - South Korean Championships (5 results),Shin Donghyun: 2023: KOR:4 / 2025: KOR:8 | Shin Dong-hyen: not found 2022-2025,,,,,,
athlete_match_56174ed38213e359,medium,possible_existing_athlete_match,Tatsuki Tanaka,MAG,Itsuki Tanaka,JPN,0.889,"JPN, JPN",JPN: 2021 - All-Japan Championships (5 results),Tatsuki Tanaka: not found 2022-2025 | Itsuki Tanaka: not found 2022-2025,,,,,,
athlete_match_c66368b58e016e23,medium,possible_existing_athlete_match,Wang Haoyu,MAG,Wang Hao,CHN,0.889,"CHN, CHN",CHN: 2021 - Chinese Youth Games (5 results),Wang Haoyu: 2022: CHN:19 / 2023: CHN:46 / 2025: CHN:11 | Wang Hao: not found 2022-2025,,,,,,
athlete_match_12021bebb82283dd,medium,possible_existing_athlete_match,Yo Yaozhi,MAG,Yu Yaozhi,CHN,0.889,"CHN, CHN",CHN: 2021 - Chinese Championships (4 results),Yo Yaozhi: not found 2022-2025 | Yu Yaozhi: 2022: CHN:3 / 2023: CHN:6,,,,,,
athlete_match_b82862647d0885ed,medium,possible_existing_athlete_match,Ami Okada,WAG,Mai Okada,JPN,0.889,"JPN, JPN",JPN: 2021 - All-Japan Junior Championships (5 results),Ami Okada: 2022: JPN:2 / 2024: JPN:5 / 2025: JPN:5 | Mai Okada: not found 2022-2025,,,,,,
athlete_match_622d129ea79b08e0,medium,possible_existing_athlete_match,Anastasia Shilova,WAG,Anastasia Shirshova,RUS,0.889,"RUS, RUS",RUS: 2021 - Russian Junior Championships (5 results),Anastasia Shilova: 2022: RUS:20 / 2023: RUS:15 / 2024: RUS:5 / 2025: RUS:13 | Anastasia Shirshova: 2025: RUS:5,,,,,,
athlete_match_ad785be2a76d06e2,medium,possible_existing_athlete_match,Andreza Lima,WAG,Andreza de Lima,BRA,0.889,"BRA, BRA",BRA: 2021 - Brazilian Junior Championships (5 results),Andreza Lima: 2022: BRA:49 / 2023: BRA:41 / 2024: BRA:25 / 2025: BRA:3 | Andreza de Lima: not found 2022-2025,,,,,,
athlete_match_2ca10bf03c118c46,medium,possible_existing_athlete_match,Hana Sato,WAG,Hana Kato,JPN,0.889,"JPN, JPN",JPN: 2021 - All-Japan Junior Championships (5 results),Hana Sato: not found 2022-2025 | Hana Kato: not found 2022-2025,,,,,,
athlete_match_2108a12f1e94f304,medium,possible_existing_athlete_match,He Zixuan,WAG,He Yixuan,CHN,0.889,"CHN, CHN",CHN: 2021 - Chinese Championships (2 results),He Zixuan: not found 2022-2025 | He Yixuan: not found 2022-2025,,,,,,
athlete_match_55cb7a434fed04a4,medium,possible_existing_athlete_match,Karin Onouchi,WAG,Karin Inokuchi,JPN,0.889,"JPN, JPN",JPN: 2021 - All-Japan Junior Championships (5 results),Karin Onouchi: 2022: JPN:5 | Karin Inokuchi: 2023: JPN:5 / 2024: JPN:5,,,,,,
athlete_match_254274c1e633ab53,medium,possible_existing_athlete_match,Karolina Jelinkova,WAG,Katerina Jelinkova,CZE,0.889,"CZE, CZE",CZE: 2021 - Czech Championships (5 results),Karolina Jelinkova: not found 2022-2025 | Katerina Jelinkova: not found 2022-2025,,,,,,
athlete_match_40b34cbfe1e37c91,medium,possible_existing_athlete_match,Kim Garam,WAG,Kim A-ram,KOR,0.889,"KOR, KOR",KOR: 2021 - South Korean Championships (5 results),Kim Garam: not found 2022-2025 | Kim A-ram: not found 2022-2025,,,,,,
athlete_match_b2b966c2a6e86495,medium,possible_existing_athlete_match,Léa Franceries,WAG,Lea Francerie,FRA,0.889,"FRA, FRA",FRA: 2021 - Elite Gym Massilia (5 results),Léa Franceries: 2023: FRA:26 / 2024: FRA:10 / 2025: FRA:32 | Lea Francerie: not found 2022-2025,,,,,,
athlete_match_8996ddf9c39d72e3,medium,possible_existing_athlete_match,Maria Romanova,WAG,Maria Gromova,RUS,0.889,"RUS, RUS",RUS: 2021 - Russian Federal Championships (5 results),Maria Romanova: not found 2022-2025 | Maria Gromova: 2022: RUS:2,,,,,,
athlete_match_26c74600f1b86308,medium,possible_existing_athlete_match,Wu Junjie,WAG,Wu Jinjie,CHN,0.889,"CHN, CHN",CHN: 2021 - Chinese Championships (5 results),Wu Junjie: 2022: CHN:5 / 2023: CHN:7 / 2025: CHN:3 | Wu Jinjie: not found 2022-2025,,,,,,
athlete_match_328cb29caf2d3e43,high,possible_existing_athlete_match,Aleksandr Klimov,MAG,Aleksandr Khalikov,KAZ,0.882,"KAZ, RUS",RUS: 2021 - Russian Youth Spartakiade (5 results),Aleksandr Klimov: 2022: RUS:19 / 2023: RUS:16 / 2025: RUS:21 | Aleksandr Khalikov: not found 2022-2025,,,,,,
athlete_match_1033e4c887d1ecfe,medium,possible_existing_athlete_match,Oleksandr Vashchuk,MAG,Aleksandr Vashuk,UKR,0.882,"UKR, UKR",UKR: 2021 - Ukrainian Championships (5 results),Oleksandr Vashchuk: not found 2022-2025 | Aleksandr Vashuk: not found 2022-2025,,,,,,
athlete_match_bc428247537fa743,high,possible_existing_athlete_match,Sebastian Santana,MAG,Sebastian Smetana,CZE,0.882,"CZE, PUR",PUR: 2021 - Junior Pan American Games (5 results),Sebastian Santana: 2024: PUR:13 | Sebastian Smetana: not found 2022-2025,,,,,,
athlete_match_972eed5b82bc0b78,medium,possible_existing_athlete_match,Yoshihiro Yoshioka,MAG,Chihiro Yoshioka,JPN,0.882,"JPN, JPN",JPN: 2021 - All-Japan Junior Championships (5 results),Yoshihiro Yoshioka: not found 2022-2025 | Chihiro Yoshioka: not found 2022-2025,,,,,,
athlete_match_4d718ecbc6678218,high,possible_existing_athlete_match,Francisca Casella,WAG,Francisca Cancela,POR,0.882,"CHI, POR",CHI: 2021 - South American Championships (5 results),Francisca Casella: not found 2022-2025 | Francisca Cancela: 2022: POR:5 / 2025: POR:1,,,,,,
athlete_match_5884220475bcc947,medium,possible_existing_athlete_match,Davide Masini,MAG,Davide Saini,ITA,0.88,"ITA, ITA",ITA: 2021 - 1st Italian Serie A (2 results); 2021 - 2nd Itailan Serie A (3 results),Davide Masini: 2022: ITA:12 / 2023: ITA:4 / 2024: ITA:11 / 2025: ITA:14 | Davide Saini: 2022: ITA:14 / 2023: ITA:11 / 2024: ITA:12 / 2025: ITA:14,,,,,,
athlete_match_419c381c0b675dc7,medium,possible_existing_athlete_match,Park Seungok,MAG,Park Seung-ho,KOR,0.88,"KOR, KOR",KOR: 2021 - South Korean Championships (3 results),Park Seungok: not found 2022-2025 | Park Seung-ho: not found 2022-2025,,,,,,
athlete_match_de1533a9c28548c9,medium,possible_existing_athlete_match,Shin Jaehwan,MAG,Shin Jea-hwan,KOR,0.88,"KOR, KOR",KOR: 2021 - South Korean Championships (4 results),Shin Jaehwan: 2023: KOR:4 / 2024: KOR:7 | Shin Jea-hwan: not found 2022-2025,,,,,,
athlete_match_69bbcdf7c581a46b,high,possible_existing_athlete_match,Jana Morales,WAG,Diana Morales,MEX,0.88,"ESP, MEX",ESP: 2021 - 3rd Spanish League (5 results),Jana Morales: 2022: ESP:5 / 2023: ESP:20 / 2024: ESP:9 / 2025: ESP:3 | Diana Morales: not found 2022-2025,,,,,,
athlete_match_48afd72993a90f0d,medium,possible_existing_athlete_match,Marta Plomer,WAG,Marina Plomer,ESP,0.88,"ESP, ESP",ESP: 2021 - 2nd Spanish League (2 results); 2021 - 3rd Spanish League (2 results); 2021 - Spanish League Finals (1 results),Marta Plomer: 2022: ESP:27 / 2023: ESP:16 / 2024: ESP:20 | Marina Plomer: not found 2022-2025,,,,,,
athlete_match_866bc1845ab3995c,medium,possible_existing_athlete_match,Mayu Murakami,WAG,Mai Murakami,JPN,0.88,"JPN, JPN",JPN: 2021 - All-Japan Student Championships (5 results),Mayu Murakami: 2023: JPN:5 / 2024: JPN:5 | Mai Murakami: not found 2022-2025,,,,,,
athlete_match_5a3f336ce943dad1,medium,possible_existing_athlete_match,Rina Matsuda,WAG,Rina Matsuura,JPN,0.88,"JPN, JPN",JPN: 2021 - All-Japan Junior Championships (5 results),Rina Matsuda: 2022: JPN:4 / 2023: JPN:15 / 2024: JPN:6 / 2025: JPN:10 | Rina Matsuura: not found 2022-2025,,,,,,
