cluster,event_id,year,name,start_date,end_date,discipline,category,level,location,venue,result_count
Cups / opens / trophies / invitationals,43,2018,RD761 Junior International Cup,2018-01-19,2018-01-21,MAG,junior,International Event,,,298
Other named international meets,146,2018,Desert Lights Qualifier,2018-01-27,2018-01-28,WAG,junior and senior,International Event,,,324
Other named international meets,148,2018,Buckeye Qualifier,2018-02-01,2018-02-02,WAG,junior and senior,International Event,,,250
Other named international meets,40,2018,Elite Canada,2018-02-01,2018-02-04,MAG and WAG,junior and senior,International Event,,,641
Cups / opens / trophies / invitationals,208,2018,Houston National Invitational,2018-02-02,2018-02-04,WAG,junior and senior,International Event,,,57
Other named international meets,54,2018,Houston National Invite,2018-02-02,2018-02-04,MAG,senior,International Event,,,57
Cups / opens / trophies / invitationals,190,2018,Israeli Winter Cup,2018-02-03,2018-02-03,WAG,junior and senior,International Event,,,43
Games / festivals / multi-sport events,120,2018,Reykjavik International Games,2018-02-03,2018-02-03,MAG and WAG,junior and senior,International Event,,,210
Other named international meets,149,2018,Orlando Qualifier,2018-02-09,2018-02-11,WAG,junior and senior,International Event,,,260
Cups / opens / trophies / invitationals,12,2018,President's Cup,2018-02-12,2018-02-16,MAG and WAG,junior and senior,International Event,,,661
Cups / opens / trophies / invitationals,53,2018,Winter Cup Challenge,2018-02-15,2018-02-17,MAG,junior and senior,International Event,,,722
Cups / opens / trophies / invitationals,204,2018,WOGA Classic,2018-02-16,2018-02-18,WAG,junior and senior,International Event,,,133
Cups / opens / trophies / invitationals,166,2018,Mallorca Cup,2018-02-17,2018-02-18,WAG,junior and senior,International Event,,,190
Cups / opens / trophies / invitationals,108,2018,American Cup,2018-03-03,2018-03-03,MAG and WAG,senior,International Event,,,100
Other named international meets,182,2018,International Gymnix,2018-03-09,2018-03-11,WAG,junior and senior,International Event,,,569
Cups / opens / trophies / invitationals,193,2018,DTB Pokal Team Challenge,2018-03-16,2018-03-18,WAG,senior,International Event,,,206
Cups / opens / trophies / invitationals,82,2018,DTB Team Challenge,2018-03-16,2018-03-18,MAG,senior,International Event,,,403
Cups / opens / trophies / invitationals,68,2018,Stella Zakharova Cup,2018-03-31,2018-04-01,MAG and WAG,junior and senior,International Event,,,695
Regional or sub-continental events,71,2018,Commonwealth Games,2018-04-05,2018-04-09,MAG and WAG,senior,International Event,,,864
Other named international meets,155,2018,U.S. Verification (April),2018-04-07,2018-04-08,WAG,junior and senior,International Event,,,114
Cups / opens / trophies / invitationals,154,2018,City of Jesolo Trophy,2018-04-14,2018-04-15,WAG,junior and senior,International Event,,,483
Cups / opens / trophies / invitationals,24,2018,Austrian Team Open,2018-04-21,2018-04-21,MAG and WAG,junior and senior,International Event,,,616
Cups / opens / trophies / invitationals,59,2018,International Junior Team Cup,2018-04-21,2018-04-22,MAG,junior,International Event,,,931
Regional or sub-continental events,65,2018,Pacific Rim Championships,2018-04-27,2018-04-29,MAG and WAG,junior and senior,International Event,,,876
Games / festivals / multi-sport events,14,2018,Gymnasiade,2018-05-02,2018-05-09,MAG and WAG,junior and senior,International Event,,,594
Preparation / test / friendly events,196,2018,Deva Friendly,2018-05-05,2018-05-05,WAG,junior and senior,International Event,,,87
Other named international meets,56,2018,International GymSport,2018-05-05,2018-05-06,MAG and WAG,junior and senior,International Event,,,618
Cups / opens / trophies / invitationals,77,2018,Unni & Haralds Trophy,2018-05-11,2018-05-13,MAG and WAG,junior and senior,International Event,,,776
Cups / opens / trophies / invitationals,89,2018,Dityatin Cup,2018-05-16,2018-05-20,MAG and WAG,junior and senior,International Event,,,668
Cups / opens / trophies / invitationals,192,2018,Polish Cup,2018-05-18,2018-05-19,WAG,junior and senior,International Event,,,202
Cups / opens / trophies / invitationals,165,2018,Elek Matolay Memorial,2018-05-19,2018-05-20,WAG,junior and senior,International Event,,,527
Cups / opens / trophies / invitationals,185,2018,Marie Siroke Memorial,2018-05-19,2018-05-19,WAG,junior and senior,International Event,,,79
Cups / opens / trophies / invitationals,134,2018,NHK Trophy,2018-05-19,2018-05-20,MAG and WAG,junior and senior,International Event,,,350
Cups / opens / trophies / invitationals,150,2018,Zelena Jama Open,2018-05-19,2018-05-19,WAG,junior and senior,International Event,,,233
Preparation / test / friendly events,48,2018,Padova Men's Friendly,2018-05-20,2018-05-20,MAG,junior and senior,International Event,,,147
Explicit International Event overrides,176,2018,Liepaja Championships,2018-05-25,2018-05-26,WAG,junior and senior,International Event,,,178
Regional or sub-continental events,52,2018,South American Games,2018-05-25,2018-05-30,MAG and WAG,senior,International Event,,,490
Other named international meets,171,2018,1st Norwegian FIG,2018-05-26,2018-05-27,WAG,junior and senior,International Event,,,240
Cups / opens / trophies / invitationals,58,2018,Singapore Open,2018-06-02,2018-06-04,MAG and WAG,junior and senior,International Event,,,574
Games / festivals / multi-sport events,151,2018,Gym Festival Trnava,2018-06-09,2018-06-10,WAG,junior and senior,International Event,,,447
Explicit International Event overrides,203,2018,Klaverblad Championships,2018-06-09,2018-06-10,WAG,junior and senior,International Event,,,105
Cups / opens / trophies / invitationals,175,2018,Ukraine Cup,2018-06-11,2018-06-14,WAG,senior,International Event,,,140
Regional or sub-continental events,66,2018,Mediterranean Games,2018-06-22,2018-07-01,MAG and WAG,senior,International Event,,,790
Cups / opens / trophies / invitationals,179,2018,Russian Cup,2018-06-27,2018-06-30,WAG,senior,International Event,,,315
Regional or sub-continental events,62,2018,Nordic Championships,2018-06-29,2018-07-01,MAG and WAG,junior and senior,International Event,,,802
Cups / opens / trophies / invitationals,147,2018,Hopes Classic,2018-07-06,2018-07-06,WAG,junior,International Event,,,339
Cups / opens / trophies / invitationals,144,2018,American Classic,2018-07-07,2018-07-07,WAG,junior and senior,International Event,,,232
Preparation / test / friendly events,188,2018,Budapest Friendly,2018-07-07,2018-07-07,WAG,junior and senior,International Event,,,190
Preparation / test / friendly events,183,2018,Heerenveen Friendly,2018-07-07,2018-07-08,WAG,junior and senior,International Event,,,196
Cups / opens / trophies / invitationals,201,2018,Sainté Gym Cup,2018-07-07,2018-07-07,WAG,senior,International Event,,,73
Preparation / test / friendly events,195,2018,Izvorani Friendly,2018-07-14,2018-07-14,WAG,junior and senior,International Event,,,98
Preparation / test / friendly events,162,2018,Pieve di Soligo Friendly,2018-07-14,2018-07-14,WAG,junior,International Event,,,134
Other named international meets,114,2018,Africa Safari International,2018-07-20,2018-07-21,MAG and WAG,junior and senior,International Event,,,227
Regional or sub-continental events,20,2018,Central American & Caribbean Games,2018-07-20,2018-07-24,MAG and WAG,senior,International Event,,,688
Preparation / test / friendly events,110,2018,Baiersbronn Men's Friendly,2018-07-21,2018-07-21,MAG,senior,International Event,,,91
Preparation / test / friendly events,29,2018,Budapest Men's Friendly,2018-07-21,2018-07-21,MAG,senior,International Event,,,81
Cups / opens / trophies / invitationals,145,2018,U.S. Classic,2018-07-28,2018-07-28,WAG,junior and senior,International Event,,,310
Games / festivals / multi-sport events,13,2018,Asian Games,2018-08-18,2018-09-02,MAG and WAG,senior,International Event,,,1017
Cups / opens / trophies / invitationals,167,2018,Australian Classic,2018-09-14,2018-09-17,WAG,junior and senior,International Event,,,288
Regional or sub-continental events,205,2018,Junior Mediterranean Championships,2018-09-19,2018-09-23,WAG,junior,International Event,,,167
Other named international meets,74,2018,U.S. Men's World Team Selection,2018-09-20,2018-09-22,MAG,senior,International Event,,,96
Cups / opens / trophies / invitationals,78,2018,Wohnen Juniors Trophy,2018-09-22,2018-09-23,MAG,senior,International Event,,,191
Preparation / test / friendly events,118,2018,Ghent Men's Friendly,2018-10-06,2018-10-06,MAG,senior,International Event,,,119
Cups / opens / trophies / invitationals,153,2018,Leverkusen Cup,2018-10-06,2018-10-06,WAG,junior and senior,International Event,,,135
Preparation / test / friendly events,207,2018,Varsenare Friendly,2018-10-06,2018-10-06,WAG,senior,International Event,,,86
Cups / opens / trophies / invitationals,202,2018,VTB Cup,2018-10-11,2018-10-16,WAG,senior,International Event,,,20
Cups / opens / trophies / invitationals,198,2018,Kiev Open Cup,2018-10-13,2018-10-13,WAG,junior,International Event,,,55
Preparation / test / friendly events,200,2018,Rüsselsheim Friendly,2018-10-13,2018-10-13,WAG,senior,International Event,,,101
Cups / opens / trophies / invitationals,117,2018,Ukraine Open Cup,2018-10-13,2018-10-13,MAG,senior,International Event,,,64
Regional or sub-continental events,63,2018,South American Junior Championships,2018-10-17,2018-10-21,MAG and WAG,junior,International Event,,,351
Cups / opens / trophies / invitationals,25,2018,Salamunov Memorial,2018-10-19,2018-10-21,MAG and WAG,junior and senior,International Event,,,414
Cups / opens / trophies / invitationals,169,2018,Gymnova Cup,2018-11-09,2018-11-10,WAG,junior and senior,International Event,,,283
Other named international meets,168,2018,Tournoi International,2018-11-10,2018-11-11,WAG,junior,International Event,,,440
Preparation / test / friendly events,142,2018,Györ Friendly,2018-11-11,2018-11-11,WAG,junior and senior,International Event,,,60
Cups / opens / trophies / invitationals,123,2018,Arthur Gander Memorial,2018-11-14,2018-11-14,MAG and WAG,senior,International Event,,,64
Other named international meets,180,2018,Elite Gym Massilia,2018-11-16,2018-11-18,WAG,junior and senior,International Event,,,568
Cups / opens / trophies / invitationals,122,2018,Swiss Cup,2018-11-18,2018-11-18,MAG and WAG,senior,International Event,,,52
Other named international meets,129,2018,Swiss Duel,2018-11-18,2018-11-18,MAG and WAG,junior and senior,International Event,,,32
Cups / opens / trophies / invitationals,101,2018,Sokol Grand Prix,2018-11-23,2018-11-25,MAG and WAG,junior and senior,International Event,,,81
Cups / opens / trophies / invitationals,152,2018,Zifcakovcov Memorial,2018-11-23,2018-11-24,WAG,junior and senior,International Event,,,254
Other named international meets,177,2018,Top Gym Tournament,2018-11-24,2018-11-25,WAG,junior,International Event,,,281
Games / festivals / multi-sport events,35,2018,Olympic Hopes Cup,2018-11-29,2018-12-01,MAG and WAG,junior,International Event,,,491
Cups / opens / trophies / invitationals,124,2018,Joaquin Blume Memorial,2018-12-01,2018-12-01,MAG and WAG,senior,International Event,,,115
Cups / opens / trophies / invitationals,2,2018,Barborka Cup,2018-12-07,2018-12-09,MAG and WAG,junior,International Event,,,203
Other named international meets,130,2018,Toyota International,2018-12-08,2018-12-09,MAG and WAG,senior,International Event,,,148
Cups / opens / trophies / invitationals,51,2018,Voronin Cup,2018-12-12,2018-12-13,MAG and WAG,junior and senior,International Event,,,960
Cups / opens / trophies / invitationals,339,2019,RD761 International Cup,2019-01-18,2019-01-20,MAG,junior,International Event,,,212
Cups / opens / trophies / invitationals,323,2019,Houston National Invitational,2019-02-01,2019-02-03,MAG and WAG,junior and senior,International Event,,,150
Games / festivals / multi-sport events,219,2019,Reykjavik International Games,2019-02-02,2019-02-02,MAG and WAG,junior and senior,International Event,,,329
Cups / opens / trophies / invitationals,331,2019,Liukin Invitational,2019-02-09,2019-02-09,MAG,junior and senior,International Event,,,156
Cups / opens / trophies / invitationals,427,2019,WOGA Classic,2019-02-09,2019-02-09,WAG,junior and senior,International Event,,,143
Cups / opens / trophies / invitationals,256,2019,Winter Cup Challenge,2019-02-15,2019-02-17,MAG,junior and senior,International Event,,,743
Cups / opens / trophies / invitationals,347,2019,American Cup,2019-03-02,2019-03-02,MAG and WAG,senior,International Event,,,94
Cups / opens / trophies / invitationals,307,2019,Austrian Team Open,2019-03-02,2019-03-02,MAG and WAG,junior and senior,International Event,,,245
Cups / opens / trophies / invitationals,410,2019,City of Jesolo Trophy,2019-03-02,2019-03-03,WAG,junior and senior,International Event,,,314
Other named international meets,413,2019,International Gymnix,2019-03-08,2019-03-10,WAG,junior and senior,International Event,,,575
Cups / opens / trophies / invitationals,412,2019,Tiger Cup,2019-03-08,2019-03-09,WAG,junior and senior,International Event,,,352
Cups / opens / trophies / invitationals,357,2019,Calgary International Cup,2019-03-15,2019-03-17,MAG,senior,International Event,,,80
Cups / opens / trophies / invitationals,265,2019,DTB Team Challenge,2019-03-15,2019-03-17,MAG and WAG,senior,International Event,,,674
Cups / opens / trophies / invitationals,253,2019,Polish Men's Cup,2019-03-15,2019-03-16,MAG,junior and senior,International Event,,,186
Cups / opens / trophies / invitationals,376,2019,Polish Women's Cup,2019-03-15,2019-03-17,WAG,junior,International Event,,,127
Other named international meets,426,2019,1st Norwegian FIG Meet,2019-03-23,2019-03-24,WAG,junior and senior,International Event,,,251
Cups / opens / trophies / invitationals,230,2019,Stella Zakharova Cup,2019-03-28,2019-03-31,MAG and WAG,junior and senior,International Event,,,791
Cups / opens / trophies / invitationals,220,2019,Unni & Haralds Trophy,2019-03-29,2019-03-31,MAG and WAG,junior and senior,International Event,,,1063
Cups / opens / trophies / invitationals,387,2019,Elek Matolay Memorial,2019-03-30,2019-03-31,WAG,junior and senior,International Event,,,633
Cups / opens / trophies / invitationals,215,2019,International Junior Team Cup,2019-04-05,2019-04-05,MAG,junior and senior,International Event,,,1168
Cups / opens / trophies / invitationals,417,2019,Pre-Olympic Youth Cup,2019-04-06,2019-04-06,WAG,junior,International Event,,,259
Preparation / test / friendly events,298,2019,European Games Test Event,2019-04-25,2019-04-27,MAG and WAG,junior and senior,International Event,,,326
Other named international meets,268,2019,International GymSport,2019-04-27,2019-04-28,MAG and WAG,junior and senior,International Event,,,618
Cups / opens / trophies / invitationals,358,2019,NHK Trophy,2019-05-18,2019-05-19,MAG and WAG,junior and senior,International Event,,,348
Regional or sub-continental events,214,2019,Nordic Junior Championships,2019-05-18,2019-05-19,MAG and WAG,junior,International Event,,,558
Cups / opens / trophies / invitationals,439,2019,Rus Pokal,2019-05-18,2019-05-19,WAG,senior,International Event,,,16
Cups / opens / trophies / invitationals,381,2019,Slovakian Cup,2019-05-24,2019-05-25,WAG,junior and senior,International Event,,,19
Cups / opens / trophies / invitationals,408,2019,Züri-Oberland Cup,2019-05-25,2019-05-26,WAG,junior and senior,International Event,,,60
Other named international meets,440,2019,IAG SportEvent,2019-05-30,2019-06-02,WAG,junior and senior,International Event,,,105
Games / festivals / multi-sport events,380,2019,Gym Festival Trnava,2019-06-01,2019-06-02,WAG,junior and senior,International Event,,,232
Cups / opens / trophies / invitationals,322,2019,Singapore Open,2019-06-01,2019-06-03,MAG and WAG,junior and senior,International Event,,,514
Other named international meets,400,2019,Mexican Pan Ams Selection,2019-06-03,2019-06-03,WAG,senior,International Event,,,48
Cups / opens / trophies / invitationals,390,2019,Petrom Cup,2019-06-07,2019-06-09,WAG,junior,International Event,,,126
Cups / opens / trophies / invitationals,399,2019,FIT Challenge,2019-06-08,2019-06-09,WAG,junior and senior,International Event,,,925
Cups / opens / trophies / invitationals,382,2019,Slovenian Cup,2019-06-08,2019-06-09,WAG,junior and senior,International Event,,,103
Other named international meets,351,2019,Portuguese Super Finals,2019-06-09,2019-06-09,MAG and WAG,junior and senior,International Event,,,206
Cups / opens / trophies / invitationals,333,2019,Asian Junior Cup,2019-06-12,2019-06-15,MAG and WAG,junior,International Event,,,324
Other named international meets,395,2019,Swiss Turnfest,2019-06-15,2019-06-16,WAG,junior and senior,International Event,,,430
Cups / opens / trophies / invitationals,343,2019,Korea Cup,2019-06-18,2019-06-19,MAG and WAG,senior,International Event,,,131
Regional or sub-continental events,262,2019,South American Championships,2019-06-18,2019-06-23,MAG and WAG,senior,International Event,,,426
Cups / opens / trophies / invitationals,433,2019,Hopes Classic,2019-06-21,2019-06-21,WAG,junior,International Event,,,276
Cups / opens / trophies / invitationals,429,2019,Sarreguemines Cup,2019-06-21,2019-06-22,WAG,junior and senior,International Event,,,137
Cups / opens / trophies / invitationals,367,2019,American Classic,2019-06-22,2019-06-22,WAG,junior and senior,International Event,,,169
Games / festivals / multi-sport events,241,2019,European Games,2019-06-27,2019-06-30,MAG and WAG,senior,International Event,,,763
Games / festivals / multi-sport events,239,2019,Summer Universiade,2019-07-05,2019-07-15,MAG and WAG,senior,International Event,,,962
Cups / opens / trophies / invitationals,353,2019,Lingvallen Cup,2019-07-06,2019-07-06,MAG,junior,International Event,,,112
Cups / opens / trophies / invitationals,396,2019,Sainté Gym Cup,2019-07-06,2019-07-06,WAG,junior,International Event,,,123
Games / festivals / multi-sport events,271,2019,European Youth Olympic Festival,2019-07-20,2019-07-28,MAG and WAG,junior,International Event,,,1451
Cups / opens / trophies / invitationals,368,2019,U.S. Classic,2019-07-20,2019-07-20,WAG,junior and senior,International Event,,,273
Regional or sub-continental events,261,2019,Pan American Games,2019-07-26,2019-07-31,MAG and WAG,senior,International Event,,,1012
Games / festivals / multi-sport events,411,2019,International Youth Games,2019-08-02,2019-08-03,WAG,junior,International Event,,,41
Cups / opens / trophies / invitationals,303,2019,Russian Cup,2019-08-23,2019-08-27,MAG and WAG,junior and senior,International Event,,,768
Preparation / test / friendly events,349,2019,Cardiff Men's Friendly,2019-08-24,2019-08-24,MAG,senior,International Event,,,295
Preparation / test / friendly events,266,2019,Magglingen Men's Friendly,2019-08-24,2019-08-24,MAG,senior,International Event,,,118
Games / festivals / multi-sport events,278,2019,African Games,2019-08-26,2019-08-29,MAG and WAG,senior,International Event,,,410
Preparation / test / friendly events,419,2019,Heerenveen Friendly,2019-08-31,2019-08-31,WAG,senior,International Event,,,101
Preparation / test / friendly events,263,2019,Heerenveen Men's Friendly,2019-09-07,2019-09-07,MAG,senior,International Event,,,217
Preparation / test / friendly events,422,2019,Worms Friendly,2019-09-07,2019-09-07,WAG,senior,International Event,,,106
Preparation / test / friendly events,414,2019,2nd Heerenveen Friendly,2019-09-14,2019-09-14,WAG,senior,International Event,,,120
Other named international meets,407,2019,2nd Norwegian FIG Meet,2019-09-14,2019-09-15,WAG,junior and senior,International Event,,,162
Preparation / test / friendly events,328,2019,Backnang Men's Friendly,2019-09-14,2019-09-14,MAG,senior,International Event,,,108
Cups / opens / trophies / invitationals,403,2019,Australian Classic,2019-09-15,2019-09-18,WAG,junior and senior,International Event,,,394
Regional or sub-continental events,338,2019,Northern European Championships,2019-09-21,2019-09-22,MAG and WAG,junior and senior,International Event,,,422
Regional or sub-continental events,228,2019,Mediterranean Championships,2019-09-26,2019-09-28,MAG and WAG,junior,International Event,,,394
Other named international meets,405,2019,3rd Norwegian FIG Meet,2019-09-28,2019-09-29,WAG,junior and senior,International Event,,,189
Regional or sub-continental events,355,2019,South American Junior Championships,2019-10-18,2019-10-20,MAG and WAG,junior,International Event,,,463
Cups / opens / trophies / invitationals,409,2019,German Junior Cup,2019-10-19,2019-10-20,WAG,junior,International Event,,,306
Cups / opens / trophies / invitationals,249,2019,Hungarian Masters,2019-10-25,2019-10-26,MAG and WAG,junior and senior,International Event,,,245
Cups / opens / trophies / invitationals,297,2019,Salamunov Memorial,2019-10-25,2019-10-27,MAG and WAG,junior and senior,International Event,,,1089
Cups / opens / trophies / invitationals,348,2019,Brabant Trophy,2019-10-26,2019-10-27,MAG and WAG,senior,International Event,,,42
Other named international meets,363,2019,Rushmoor Rose Bowl,2019-10-26,2019-10-27,WAG,junior and senior,International Event,,,405
Cups / opens / trophies / invitationals,218,2019,Wase Gymcup,2019-10-26,2019-10-27,MAG and WAG,junior and senior,International Event,,,426
Cups / opens / trophies / invitationals,393,2019,Leverkusen Cup,2019-10-27,2019-10-27,WAG,junior and senior,International Event,,,125
Cups / opens / trophies / invitationals,330,2019,Arthur Gander Memorial,2019-10-30,2019-10-30,MAG and WAG,senior,International Event,,,70
Cups / opens / trophies / invitationals,216,2019,Mälar Cup,2019-11-01,2019-11-03,MAG and WAG,junior and senior,International Event,,,911
Cups / opens / trophies / invitationals,404,2019,Swiss Cup Juniors,2019-11-01,2019-11-01,WAG,junior,International Event,,,104
Cups / opens / trophies / invitationals,325,2019,Swiss Cup,2019-11-03,2019-11-03,MAG and WAG,senior,International Event,,,52
Cups / opens / trophies / invitationals,270,2019,Horizon Cup,2019-11-08,2019-11-10,MAG and WAG,junior and senior,International Event,,,819
Other named international meets,377,2019,Björk International,2019-11-09,2019-11-10,WAG,junior,International Event,,,340
Cups / opens / trophies / invitationals,388,2019,Gymnova Cup,2019-11-09,2019-11-10,WAG,junior and senior,International Event,,,319
Other named international meets,406,2019,GymStars International,2019-11-16,2019-11-17,WAG,junior and senior,International Event,,,205
Cups / opens / trophies / invitationals,397,2019,Swedish Cup,2019-11-16,2019-11-17,WAG,junior and senior,International Event,,,154
Other named international meets,360,2019,Tournoi International,2019-11-16,2019-11-17,WAG,junior,International Event,,,383
Other named international meets,384,2019,Elite Gym Massilia,2019-11-22,2019-11-24,WAG,junior and senior,International Event,,,688
Games / festivals / multi-sport events,250,2019,Olympic Hopes Cup,2019-11-28,2019-11-30,MAG and WAG,junior,International Event,,,706
Cups / opens / trophies / invitationals,277,2019,Voronin Cup,2019-11-29,2019-11-30,MAG and WAG,junior and senior,International Event,,,728
Cups / opens / trophies / invitationals,300,2019,Barborka Cup,2019-11-30,2019-12-01,MAG and WAG,junior,International Event,,,194
Cups / opens / trophies / invitationals,285,2019,Sokol Grand Prix,2019-11-30,2019-11-30,MAG and WAG,senior,International Event,,,87
Regional or sub-continental events,272,2019,Southeast Asian Games,2019-11-30,2019-12-11,MAG and WAG,senior,International Event,,,303
Other named international meets,431,2019,Top Gym Tournament,2019-11-30,2019-12-01,WAG,junior,International Event,,,191
Cups / opens / trophies / invitationals,269,2019,Larisa Latynina Cup,2019-12-01,2019-12-05,MAG and WAG,junior and senior,International Event,,,504
Cups / opens / trophies / invitationals,385,2019,Krstic & Delatovic Memorial,2019-12-07,2019-12-08,WAG,junior and senior,International Event,,,249
Cups / opens / trophies / invitationals,418,2019,Christmas Cup,2019-12-14,2019-12-15,WAG,junior and senior,International Event,,,235
Other named international meets,354,2019,Toyota International,2019-12-14,2019-12-15,MAG and WAG,junior and senior,International Event,,,119
Cups / opens / trophies / invitationals,472,2020,RD761 Junior International Cup,2020-01-17,2020-01-18,MAG,junior,International Event,,,273
Cups / opens / trophies / invitationals,473,2020,Liukin Invitational,2020-01-31,2020-02-02,MAG,junior and senior,International Event,,,194
Cups / opens / trophies / invitationals,509,2020,WOGA Classic,2020-01-31,2020-02-02,WAG,junior and senior,International Event,,,100
Cups / opens / trophies / invitationals,514,2020,Create Team Cup,2020-02-01,2020-02-02,WAG,junior and senior,International Event,,,142
Other named international meets,511,2020,Elite Canada,2020-02-05,2020-02-09,WAG,junior and senior,International Event,,,624
Cups / opens / trophies / invitationals,474,2020,Houston National Invitational,2020-02-07,2020-02-09,MAG and WAG,junior and senior,International Event,,,168
Cups / opens / trophies / invitationals,458,2020,Mallorca Cup,2020-02-14,2020-02-16,MAG and WAG,junior and senior,International Event,,,513
Cups / opens / trophies / invitationals,460,2020,Winter Cup Challenge,2020-02-20,2020-02-22,MAG,junior and senior,International Event,,,599
Games / festivals / multi-sport events,488,2020,Olympic Hopes Meet,2020-02-21,2020-02-22,MAG and WAG,junior and senior,International Event,,,168
Other named international meets,507,2020,1st Norwegian FIG Meet,2020-02-29,2020-03-01,WAG,junior and senior,International Event,,,251
Cups / opens / trophies / invitationals,508,2020,Pre-Olympic Youth Cup,2020-02-29,2020-02-29,WAG,junior,International Event,,,367
Other named international meets,512,2020,International Gymnix,2020-03-06,2020-03-08,WAG,junior and senior,International Event,,,602
Cups / opens / trophies / invitationals,462,2020,AGF Junior Trophy,2020-03-07,2020-03-08,MAG,junior,International Event,,,229
Other named international meets,494,2020,All-Japan Men's Qualifier,2020-03-07,2020-03-08,MAG,senior,International Event,,,245
Cups / opens / trophies / invitationals,485,2020,American Cup,2020-03-07,2020-03-07,MAG and WAG,senior,International Event,,,144
Cups / opens / trophies / invitationals,470,2020,Tiger Cup,2020-03-07,2020-03-08,MAG and WAG,junior and senior,International Event,,,501
Preparation / test / friendly events,521,2020,Taiwan Test Event,2020-08-01,2020-08-08,WAG,senior,International Event,,,30
Cups / opens / trophies / invitationals,520,2020,Ljubljana Cup,2020-09-25,2020-09-26,WAG,senior,International Event,,,16
Cups / opens / trophies / invitationals,492,2020,Unisport Norges Cup,2020-10-10,2020-10-10,MAG,junior and senior,International Event,,,141
Other named international meets,515,2020,French Test Meet,2020-10-30,2020-10-31,WAG,junior and senior,International Event,,,156
Other named international meets,482,2020,Friendship & Solidarity Meet,2020-11-08,2020-11-08,MAG and WAG,senior,International Event,,,131
Cups / opens / trophies / invitationals,517,2020,Portuguese Open,2020-11-22,2020-11-22,WAG,junior and senior,International Event,,,40
Other named international meets,516,2020,Coupe d'Hiver,2020-12-12,2020-12-12,WAG,junior and senior,International Event,,,87
Cups / opens / trophies / invitationals,455,2020,Voronin Cup,2020-12-17,2020-12-21,MAG and WAG,junior and senior,International Event,,,603
Cups / opens / trophies / invitationals,575,2021,Beach Blast Invitational,2021-01-14,2021-01-16,MAG,senior,International Event,,,98
Cups / opens / trophies / invitationals,625,2021,Liukin Invitational,2021-02-06,2021-02-06,MAG,junior and senior,International Event,,,43
Cups / opens / trophies / invitationals,662,2021,WOGA Classic,2021-02-06,2021-02-06,WAG,junior and senior,International Event,,,60
Other named international meets,714,2021,Singapore Virtual Competition,2021-02-07,2021-02-07,WAG,senior,International Event,,,28
Cups / opens / trophies / invitationals,690,2021,Israeli Winter Cup,2021-02-12,2021-02-13,WAG,junior and senior,International Event,,,135
Cups / opens / trophies / invitationals,562,2021,Winter Cup,2021-02-26,2021-02-28,MAG and WAG,junior and senior,International Event,,,442
Other named international meets,703,2021,Belgian Test Meet,2021-03-05,2021-03-05,WAG,senior,International Event,,,45
Cups / opens / trophies / invitationals,593,2021,Belarusian Open Cup,2021-03-15,2021-03-17,MAG and WAG,junior and senior,International Event,,,341
Other named international meets,677,2021,Colombia Control Meet,2021-03-27,2021-03-28,WAG,junior and senior,International Event,,,110
Cups / opens / trophies / invitationals,650,2021,Polish Senior Cup,2021-03-27,2021-03-28,WAG,junior and senior,International Event,,,55
Cups / opens / trophies / invitationals,711,2021,Yangtze Delta Invitational,2021-03-29,2021-03-30,WAG,junior and senior,International Event,,,168
Preparation / test / friendly events,704,2021,Heerenveen Friendly,2021-04-03,2021-04-03,WAG,senior,International Event,,,58
Cups / opens / trophies / invitationals,654,2021,Hopes Classic,2021-04-23,2021-04-23,WAG,junior,International Event,,,207
Cups / opens / trophies / invitationals,652,2021,American Classic,2021-04-24,2021-04-24,WAG,junior and senior,International Event,,,167
Other named international meets,693,2021,German Junior Meet,2021-05-01,2021-05-01,WAG,junior,International Event,,,100
Cups / opens / trophies / invitationals,638,2021,NHK Trophy,2021-05-15,2021-05-16,MAG and WAG,senior,International Event,,,315
Cups / opens / trophies / invitationals,569,2021,Ukraine International Cup,2021-05-20,2021-05-23,MAG and WAG,junior and senior,International Event,,,441
Cups / opens / trophies / invitationals,653,2021,U.S. Classic,2021-05-21,2021-05-22,WAG,junior and senior,International Event,,,256
Cups / opens / trophies / invitationals,601,2021,Russian Cup,2021-06-08,2021-06-13,MAG and WAG,senior,International Event,,,652
Preparation / test / friendly events,692,2021,Munich Junior Friendly,2021-06-12,2021-06-12,WAG,junior,International Event,,,80
Cups / opens / trophies / invitationals,701,2021,Iceland Classic,2021-06-18,2021-06-20,WAG,junior and senior,International Event,,,153
Other named international meets,673,2021,Norwegian FIG Meet,2021-06-21,2021-06-25,WAG,junior and senior,International Event,,,341
Cups / opens / trophies / invitationals,671,2021,FIT Challenge,2021-06-25,2021-06-27,WAG,junior and senior,International Event,,,491
Preparation / test / friendly events,631,2021,Magglingen Men's Friendly,2021-07-03,2021-07-03,MAG,senior,International Event,,,61
Other named international meets,600,2021,Russian Youth Spartakiade,2021-07-04,2021-07-11,MAG and WAG,junior,International Event,,,1521
Games / festivals / multi-sport events,637,2021,Chinese Youth Games,2021-07-11,2021-07-14,MAG and WAG,junior,International Event,,,922
Other named international meets,586,2021,Finnish Show Competition,2021-08-27,2021-08-27,MAG,senior,International Event,,,68
Other named international meets,585,2021,2nd Finnish Show Competition,2021-09-03,2021-09-03,MAG,senior,International Event,,,76
Other named international meets,584,2021,3rd Finnish Show Competition,2021-09-10,2021-09-10,MAG,senior,International Event,,,80
Cups / opens / trophies / invitationals,598,2021,Unnis & Haralds Trophy,2021-09-10,2021-09-12,MAG and WAG,junior and senior,International Event,,,636
Games / festivals / multi-sport events,657,2021,Gym Festival Trnava,2021-09-11,2021-09-12,WAG,junior and senior,International Event,,,176
Cups / opens / trophies / invitationals,549,2021,Hungarian Grand Prix,2021-09-24,2021-09-26,MAG and WAG,senior,International Event,,,228
Other named international meets,672,2021,2nd Norwegian FIG Meet,2021-09-25,2021-09-26,WAG,junior and senior,International Event,,,338
Cups / opens / trophies / invitationals,596,2021,Unisport Norges Cup,2021-09-25,2021-09-25,MAG,junior and senior,International Event,,,188
Cups / opens / trophies / invitationals,560,2021,Wohnen Juniors Trophy,2021-09-25,2021-09-26,MAG,junior,International Event,,,958
Cups / opens / trophies / invitationals,608,2021,Hanspeter Demetz Memorial,2021-10-02,2021-10-02,MAG and WAG,junior,International Event,,,193
Regional or sub-continental events,523,2021,Nordic Junior Championships,2021-10-29,2021-10-30,MAG and WAG,junior,International Event,,,247
Other named international meets,643,2021,Rushmoor Rosebowl,2021-10-30,2021-10-30,WAG,junior and senior,International Event,,,280
Cups / opens / trophies / invitationals,528,2021,Wase Gymcup,2021-10-30,2021-10-31,MAG and WAG,junior and senior,International Event,,,1114
Other named international meets,668,2021,Gymstars International,2021-10-31,2021-10-31,WAG,junior and senior,International Event,,,79
Cups / opens / trophies / invitationals,570,2021,Arthur Gander Memorial,2021-11-03,2021-11-03,MAG and WAG,senior,International Event,,,62
Cups / opens / trophies / invitationals,525,2021,Mälar Cup,2021-11-06,2021-11-07,MAG and WAG,junior and senior,International Event,,,762
Games / festivals / multi-sport events,594,2021,Olympic Hopes Cup,2021-11-06,2021-11-07,MAG and WAG,junior,International Event,,,492
Cups / opens / trophies / invitationals,694,2021,Swiss Cup Juniors,2021-11-06,2021-11-06,WAG,junior,International Event,,,116
Cups / opens / trophies / invitationals,681,2021,Swiss Cup,2021-11-07,2021-11-07,WAG,senior,International Event,,,25
Regional or sub-continental events,620,2021,South American Junior Championships,2021-11-11,2021-11-15,MAG and WAG,junior,International Event,,,263
Other named international meets,645,2021,Elite Gym Massilia,2021-11-12,2021-11-14,WAG,junior and senior,International Event,,,361
Regional or sub-continental events,582,2021,Northern European Championships,2021-11-12,2021-11-14,MAG and WAG,junior and senior,International Event,,,707
Cups / opens / trophies / invitationals,661,2021,Gymnova Cup,2021-11-13,2021-11-14,WAG,junior and senior,International Event,,,447
Cups / opens / trophies / invitationals,544,2021,Swedish Cup,2021-11-20,2021-11-21,MAG and WAG,junior and senior,International Event,,,236
Other named international meets,678,2021,Tournoi International,2021-11-20,2021-11-21,WAG,junior,International Event,,,499
Regional or sub-continental events,615,2021,Junior Pan American Games,2021-11-25,2021-12-05,MAG and WAG,junior,International Event,,,732
Other named international meets,644,2021,Top Gym Tournament,2021-11-27,2021-11-28,WAG,junior,International Event,,,174
Regional or sub-continental events,567,2021,South American Championships,2021-12-08,2021-12-12,MAG and WAG,senior,International Event,,,427
Cups / opens / trophies / invitationals,824,2022,Houston National Invitational,2022-01-20,2022-01-23,MAG,senior,International Event,,,47
Cups / opens / trophies / invitationals,856,2022,Liukin Invitational,2022-02-12,2022-02-12,MAG,junior and senior,International Event,,,56
Cups / opens / trophies / invitationals,923,2022,WOGA Classic,2022-02-12,2022-02-12,WAG,junior and senior,International Event,,,90
Cups / opens / trophies / invitationals,823,2022,Winter Cup,2022-02-24,2022-02-27,MAG and WAG,junior and senior,International Event,,,669
Cups / opens / trophies / invitationals,725,2022,DTB Pokal Team Challenge,2022-03-18,2022-03-20,MAG and WAG,junior and senior,International Event,,,1157
Other named international meets,918,2022,Elite Canada,2022-03-18,2022-03-20,WAG,junior and senior,International Event,,,683
Other named international meets,921,2022,French Test Meet,2022-03-19,2022-03-26,WAG,junior and senior,International Event,,,173
Cups / opens / trophies / invitationals,866,2022,DTB Pokal Mixed Cup,2022-03-20,2022-03-20,MAG and WAG,senior,International Event,,,69
Cups / opens / trophies / invitationals,914,2022,Latvian Cup,2022-03-24,2022-03-26,WAG,junior and senior,International Event,,,337
Cups / opens / trophies / invitationals,908,2022,Icelandic Classic,2022-04-01,2022-04-03,WAG,junior and senior,International Event,,,78
Cups / opens / trophies / invitationals,769,2022,Hanspeter Demetz Memorial,2022-04-02,2022-04-03,MAG and WAG,junior,International Event,,,601
Cups / opens / trophies / invitationals,816,2022,Unisport Norges Cup,2022-04-02,2022-04-03,MAG,junior and senior,International Event,,,116
Cups / opens / trophies / invitationals,915,2022,Lithuanian Cup,2022-04-08,2022-04-08,WAG,junior and senior,International Event,,,205
Cups / opens / trophies / invitationals,883,2022,City of Jesolo Trophy,2022-04-09,2022-04-10,WAG,junior and senior,International Event,,,467
Cups / opens / trophies / invitationals,912,2022,Zelena Jama Open,2022-04-09,2022-04-10,WAG,junior,International Event,,,350
Cups / opens / trophies / invitationals,898,2022,Elek Matolay Memorial,2022-04-23,2022-04-24,WAG,junior and senior,International Event,,,808
Regional or sub-continental events,851,2022,South American Junior Games,2022-04-28,2022-05-01,MAG and WAG,junior,International Event,,,455
Cups / opens / trophies / invitationals,729,2022,International Junior Team Cup,2022-04-29,2022-04-30,MAG,junior,International Event,,,908
Other named international meets,726,2022,International GymSport,2022-04-30,2022-05-01,MAG and WAG,junior and senior,International Event,,,986
Regional or sub-continental events,867,2022,Southeast Asian Games,2022-05-13,2022-05-16,MAG and WAG,senior,International Event,,,105
Cups / opens / trophies / invitationals,870,2022,NHK Trophy,2022-05-14,2022-05-15,MAG and WAG,junior and senior,International Event,,,322
Games / festivals / multi-sport events,724,2022,Gymnasiade,2022-05-17,2022-05-20,MAG and WAG,junior and senior,International Event,,,707
Cups / opens / trophies / invitationals,854,2022,Brazil Trophy,2022-05-19,2022-05-22,MAG and WAG,junior and senior,International Event,,,301
Other named international meets,924,2022,Norwegian FIG Meet 1,2022-05-21,2022-05-22,WAG,junior and senior,International Event,,,309
Preparation / test / friendly events,901,2022,Tata Junior Friendly,2022-05-21,2022-05-21,WAG,junior,International Event,,,56
Cups / opens / trophies / invitationals,909,2022,Züri Oberland Cup,2022-05-21,2022-05-22,WAG,junior and senior,International Event,,,69
Cups / opens / trophies / invitationals,740,2022,Singapore Open,2022-05-26,2022-05-29,MAG and WAG,junior and senior,International Event,,,577
Other named international meets,935,2022,Chinese Selection Meet,2022-06-01,2022-06-01,WAG,senior,International Event,,,60
Explicit International Event overrides,745,2022,COMEGYM Championships,2022-06-02,2022-06-04,MAG and WAG,junior,International Event,,,419
Cups / opens / trophies / invitationals,813,2022,Salamunov Memorial,2022-06-02,2022-06-05,MAG and WAG,junior and senior,International Event,,,976
Preparation / test / friendly events,864,2022,U.S. Pan Ams Selection Camp,2022-06-04,2022-06-08,MAG,senior,International Event,,,53
Games / festivals / multi-sport events,795,2022,Bolivarian Games,2022-06-25,2022-06-28,MAG and WAG,senior,International Event,,,547
Preparation / test / friendly events,886,2022,Haguenau Junior Friendly,2022-06-25,2022-06-25,WAG,junior,International Event,,,79
Regional or sub-continental events,775,2022,Mediterranean Games,2022-06-26,2022-06-29,MAG and WAG,senior,International Event,,,817
Cups / opens / trophies / invitationals,900,2022,Austrian Team Challenge,2022-07-02,2022-07-02,WAG,junior and senior,International Event,,,286
Regional or sub-continental events,719,2022,Nordic Championships,2022-07-02,2022-07-03,MAG and WAG,junior and senior,International Event,,,751
Cups / opens / trophies / invitationals,833,2022,Russian Cup,2022-07-06,2022-07-10,MAG and WAG,senior,International Event,,,573
Cups / opens / trophies / invitationals,905,2022,American Classic,2022-07-08,2022-07-08,WAG,junior and senior,International Event,,,86
Other named international meets,936,2022,GymStars International,2022-07-09,2022-07-10,WAG,junior and senior,International Event,,,61
Cups / opens / trophies / invitationals,874,2022,Hopes Classic,2022-07-09,2022-07-09,WAG,junior,International Event,,,240
Preparation / test / friendly events,825,2022,Klagenfurt Friendly,2022-07-09,2022-07-09,MAG,junior and senior,International Event,,,203
Preparation / test / friendly events,884,2022,Ghent Friendly,2022-07-16,2022-07-16,WAG,junior and senior,International Event,,,66
Cups / opens / trophies / invitationals,904,2022,Petrom Cup,2022-07-16,2022-07-16,WAG,junior and senior,International Event,,,146
Preparation / test / friendly events,773,2022,Magglingen Friendly,2022-07-23,2022-07-23,MAG,senior,International Event,,,135
Preparation / test / friendly events,922,2022,Sedan Friendly,2022-07-23,2022-07-23,WAG,senior,International Event,,,45
Other named international meets,852,2022,EYOF Mixed Pairs,2022-07-24,2022-07-30,MAG and WAG,junior,International Event,,,78
Games / festivals / multi-sport events,723,2022,European Youth Olympic Festival,2022-07-24,2022-07-30,MAG and WAG,junior,International Event,,,1277
Regional or sub-continental events,754,2022,Commonwealth Games,2022-07-29,2022-08-02,MAG and WAG,senior,International Event,,,823
Cups / opens / trophies / invitationals,799,2022,U.S. Classic,2022-07-29,2022-07-31,MAG and WAG,junior and senior,International Event,,,434
Games / festivals / multi-sport events,749,2022,Islamic Solidarity Games,2022-08-09,2022-08-18,MAG and WAG,senior,International Event,,,312
Regional or sub-continental events,794,2022,South American Championships,2022-08-18,2022-08-22,MAG and WAG,senior,International Event,,,456
Regional or sub-continental events,812,2022,Balkan Championships,2022-09-16,2022-09-18,MAG and WAG,junior,International Event,,,588
Other named international meets,913,2022,Norwegian FIG Meet 2,2022-09-16,2022-09-18,WAG,junior and senior,International Event,,,201
Games / festivals / multi-sport events,892,2022,Gym Festival Trnava,2022-09-17,2022-09-18,WAG,junior and senior,International Event,,,367
Preparation / test / friendly events,844,2022,Istanbul Friendly,2022-09-24,2022-09-25,MAG,senior,International Event,,,104
Cups / opens / trophies / invitationals,911,2022,Leverkusen Cup,2022-09-24,2022-09-24,WAG,junior and senior,International Event,,,112
Cups / opens / trophies / invitationals,789,2022,Wohnen Juniors Trophy,2022-09-24,2022-09-25,MAG,junior,International Event,,,666
Other named international meets,819,2022,Spartakiade,2022-09-26,2022-10-01,MAG and WAG,junior and senior,International Event,,,1455
Cups / opens / trophies / invitationals,899,2022,Australian Classic,2022-09-30,2022-10-04,WAG,junior and senior,International Event,,,272
Cups / opens / trophies / invitationals,871,2022,Joaquim Blume Memorial,2022-10-01,2022-10-01,MAG and WAG,senior,International Event,,,129
Regional or sub-continental events,786,2022,South American Games,2022-10-04,2022-10-08,MAG and WAG,senior,International Event,,,598
Cups / opens / trophies / invitationals,815,2022,Unni & Haralds Trophy,2022-10-14,2022-10-16,MAG and WAG,junior and senior,International Event,,,850
Preparation / test / friendly events,827,2022,Tata Friendly,2022-10-15,2022-10-15,MAG,senior,International Event,,,67
Other named international meets,879,2022,Rushmoor Rose Bowl,2022-10-22,2022-10-23,WAG,junior and senior,International Event,,,450
Cups / opens / trophies / invitationals,822,2022,Wase Gymcup,2022-10-29,2022-10-30,MAG and WAG,junior and senior,International Event,,,641
Preparation / test / friendly events,835,2022,Mogilev Friendly,2022-10-31,2022-11-03,MAG,junior and senior,International Event,,,233
Cups / opens / trophies / invitationals,718,2022,Mälar Cup,2022-11-04,2022-11-06,MAG and WAG,junior and senior,International Event,,,974
Preparation / test / friendly events,933,2022,Essen Junior Friendly,2022-11-05,2022-11-05,WAG,junior,International Event,,,118
Regional or sub-continental events,865,2022,South American Junior Championships,2022-11-10,2022-11-13,MAG and WAG,junior and senior,International Event,,,609
Cups / opens / trophies / invitationals,877,2022,Gymnova Cup,2022-11-11,2022-11-12,WAG,junior and senior,International Event,,,573
Cups / opens / trophies / invitationals,840,2022,Horizon Cup,2022-11-11,2022-11-13,MAG and WAG,junior,International Event,,,509
Other named international meets,917,2022,Tournoi International,2022-11-12,2022-11-13,WAG,junior,International Event,,,586
Cups / opens / trophies / invitationals,838,2022,Vera Caslavska Grand Prix,2022-11-12,2022-11-13,MAG and WAG,junior,International Event,,,593
Regional or sub-continental events,791,2022,Northern European Championships,2022-11-19,2022-11-20,MAG and WAG,junior and senior,International Event,,,635
Cups / opens / trophies / invitationals,783,2022,Arthur Gander Memorial,2022-11-23,2022-11-23,MAG and WAG,senior,International Event,,,65
Cups / opens / trophies / invitationals,721,2022,Austrian Future Cup,2022-11-25,2022-11-26,MAG,junior,International Event,,,859
Cups / opens / trophies / invitationals,733,2022,Swiss Cup Juniors,2022-11-25,2022-11-25,MAG,junior,International Event,,,102
Cups / opens / trophies / invitationals,910,2022,Michel Wanten Cup,2022-11-26,2022-11-27,WAG,junior and senior,International Event,,,110
Cups / opens / trophies / invitationals,919,2022,Swedish Cup,2022-11-26,2022-11-27,WAG,senior,International Event,,,74
Other named international meets,927,2022,Top Gym Tournament,2022-11-26,2022-11-27,WAG,junior,International Event,,,211
Cups / opens / trophies / invitationals,782,2022,Swiss Cup,2022-11-27,2022-11-27,MAG and WAG,senior,International Event,,,52
Preparation / test / friendly events,843,2022,Newport Friendly,2022-12-03,2022-12-03,MAG,junior,International Event,,,208
Cups / opens / trophies / invitationals,820,2022,Voronin Cup,2022-12-07,2022-12-07,MAG and WAG,junior and senior,International Event,,,334
Cups / opens / trophies / invitationals,1031,2023,Beach Blast Invitational,2023-01-12,2023-01-15,MAG,senior,International Event,,,103
Cups / opens / trophies / invitationals,1035,2023,Houston National Invitational,2023-01-13,2023-01-15,MAG,senior,International Event,,,106
Other named international meets,995,2023,Elite Canada,2023-01-20,2023-01-22,MAG and WAG,junior and senior,International Event,,,1447
Cups / opens / trophies / invitationals,1057,2023,HGA Invitational,2023-01-20,2023-01-22,MAG,senior,International Event,,,75
Cups / opens / trophies / invitationals,1029,2023,Stanford Open,2023-01-27,2023-01-29,MAG,junior and senior,International Event,,,138
Cups / opens / trophies / invitationals,1045,2023,Blackjack Invitational,2023-02-03,2023-02-05,MAG,junior and senior,International Event,,,97
Cups / opens / trophies / invitationals,1020,2023,Luxembourg Open,2023-02-17,2023-02-19,MAG and WAG,junior and senior,International Event,,,689
Cups / opens / trophies / invitationals,1169,2023,WOGA Classic,2023-02-17,2023-02-19,WAG,junior and senior,International Event,,,86
Cups / opens / trophies / invitationals,987,2023,Winter Cup,2023-02-23,2023-02-26,MAG and WAG,junior and senior,International Event,,,998
Cups / opens / trophies / invitationals,1048,2023,Ifact Norges Cup,2023-03-03,2023-03-05,MAG,junior and senior,International Event,,,382
Cups / opens / trophies / invitationals,1085,2023,Tiger Cup,2023-03-03,2023-03-05,MAG and WAG,junior and senior,International Event,,,449
Preparation / test / friendly events,1058,2023,Innsbruck Friendly,2023-03-04,2023-03-04,MAG,junior and senior,International Event,,,171
Other named international meets,1150,2023,Norwegian FIG Meet 1,2023-03-04,2023-03-05,WAG,junior and senior,International Event,,,299
Preparation / test / friendly events,1117,2023,U.S.-Canada Junior Friendly,2023-03-07,2023-03-07,WAG,junior,International Event,,,80
Cups / opens / trophies / invitationals,1016,2023,Iceland Classic,2023-03-10,2023-03-12,MAG and WAG,junior and senior,International Event,,,128
Cups / opens / trophies / invitationals,941,2023,DTB Pokal Team Challenge,2023-03-17,2023-03-19,MAG and WAG,junior and senior,International Event,,,1203
Preparation / test / friendly events,1156,2023,Magglingen Friendly,2023-03-18,2023-03-18,WAG,senior,International Event,,,61
Cups / opens / trophies / invitationals,1079,2023,DTB Pokal Mixed Cup,2023-03-19,2023-03-19,MAG and WAG,senior,International Event,,,66
Other named international meets,1151,2023,Norwegian FIG Meet 2,2023-03-25,2023-03-26,WAG,junior and senior,International Event,,,217
Cups / opens / trophies / invitationals,1153,2023,City of Jesolo Trophy,2023-03-30,2023-04-02,WAG,junior and senior,International Event,,,352
Games / festivals / multi-sport events,1073,2023,Barents Winter Games,2023-04-01,2023-04-01,MAG and WAG,junior and senior,International Event,,,177
Cups / opens / trophies / invitationals,1138,2023,Elek Matolay Memorial,2023-04-01,2023-04-02,WAG,junior and senior,International Event,,,442
Cups / opens / trophies / invitationals,1152,2023,Zelena Jama Open,2023-04-01,2023-04-01,WAG,junior,International Event,,,237
Cups / opens / trophies / invitationals,1054,2023,Belarus Open Cup,2023-04-10,2023-04-14,MAG and WAG,junior and senior,International Event,,,753
Cups / opens / trophies / invitationals,1086,2023,Brazil Trophy,2023-04-11,2023-04-16,MAG and WAG,junior and senior,International Event,,,334
Cups / opens / trophies / invitationals,1042,2023,Hanspeter Demetz Memorial,2023-04-22,2023-04-22,MAG and WAG,junior,International Event,,,681
Other named international meets,1012,2023,International GymSport,2023-04-28,2023-04-29,MAG and WAG,junior and senior,International Event,,,795
Cups / opens / trophies / invitationals,1049,2023,Ifact Norges Cup 2,2023-04-29,2023-04-30,MAG,junior and senior,International Event,,,335
Regional or sub-continental events,969,2023,Southeast Asian Games,2023-05-05,2023-05-17,MAG,senior,International Event,,,211
Cups / opens / trophies / invitationals,1173,2023,Australian Junior Classic,2023-05-06,2023-05-06,WAG,junior,International Event,,,53
Cups / opens / trophies / invitationals,984,2023,International Junior Team Cup,2023-05-12,2023-05-13,MAG,junior,International Event,,,953
Regional or sub-continental events,945,2023,Nordic Junior Championships,2023-05-19,2023-05-21,MAG and WAG,junior,International Event,,,666
Cups / opens / trophies / invitationals,1108,2023,NHK Trophy,2023-05-20,2023-05-21,MAG and WAG,junior and senior,International Event,,,351
Preparation / test / friendly events,1064,2023,Avignon Friendly,2023-05-28,2023-05-28,MAG,junior,International Event,,,191
Cups / opens / trophies / invitationals,1077,2023,Singapore Open,2023-06-02,2023-06-04,MAG and WAG,junior and senior,International Event,,,882
Cups / opens / trophies / invitationals,1147,2023,Rising Stars Trophy,2023-06-16,2023-06-17,WAG,junior,International Event,,,157
Cups / opens / trophies / invitationals,1044,2023,Salamunov Memorial,2023-06-21,2023-06-25,MAG and WAG,junior and senior,International Event,,,1082
Regional or sub-continental events,1003,2023,Central American & Caribbean Games,2023-06-24,2023-06-28,MAG and WAG,senior,International Event,,,743
Preparation / test / friendly events,1158,2023,Epernay Friendly,2023-07-01,2023-07-01,WAG,junior,International Event,,,116
Cups / opens / trophies / invitationals,1137,2023,American Classic,2023-07-08,2023-07-09,WAG,junior and senior,International Event,,,220
Cups / opens / trophies / invitationals,1112,2023,Hopes Classic,2023-07-08,2023-07-09,WAG,junior,International Event,,,276
Other named international meets,1065,2023,EYOF Mixed Pairs,2023-07-25,2023-07-29,MAG and WAG,junior,International Event,,,80
Games / festivals / multi-sport events,952,2023,European Youth Olympic Festival,2023-07-25,2023-07-29,MAG and WAG,junior,International Event,,,1208
Preparation / test / friendly events,1052,2023,Minsk Friendly,2023-07-27,2023-07-27,MAG and WAG,junior,International Event,,,235
Games / festivals / multi-sport events,996,2023,Summer Universiade,2023-08-01,2023-08-05,MAG and WAG,senior,International Event,,,1136
Cups / opens / trophies / invitationals,1013,2023,U.S. Classic,2023-08-04,2023-08-06,MAG and WAG,junior and senior,International Event,,,944
Preparation / test / friendly events,1008,2023,Lenzburg Friendly,2023-08-05,2023-08-05,MAG,senior,International Event,,,99
Cups / opens / trophies / invitationals,954,2023,Pharaoh's Cup,2023-08-18,2023-08-20,MAG and WAG,junior and senior,International Event,,,488
Preparation / test / friendly events,1081,2023,Ghent Friendly,2023-08-26,2023-08-26,MAG,senior,International Event,,,102
Preparation / test / friendly events,1139,2023,Linz Friendly,2023-08-26,2023-08-26,WAG,senior,International Event,,,107
Regional or sub-continental events,1104,2023,South American Junior Championships,2023-08-26,2023-09-02,MAG and WAG,junior,International Event,,,415
Cups / opens / trophies / invitationals,1050,2023,Russian Cup,2023-08-30,2023-09-03,MAG and WAG,junior and senior,International Event,,,840
Cups / opens / trophies / invitationals,1007,2023,RomGym Trophy,2023-09-01,2023-09-03,MAG and WAG,senior,International Event,,,406
Regional or sub-continental events,1019,2023,South American Championships,2023-09-08,2023-09-10,MAG and WAG,senior,International Event,,,496
Cups / opens / trophies / invitationals,1074,2023,Unni & Haralds Trophy,2023-09-08,2023-09-10,MAG and WAG,junior and senior,International Event,,,783
Preparation / test / friendly events,1157,2023,Heidelberg Friendly,2023-09-09,2023-09-09,WAG,senior,International Event,,,127
Preparation / test / friendly events,1082,2023,Magglingen Friendly 2,2023-09-16,2023-09-16,MAG,senior,International Event,,,104
Regional or sub-continental events,1021,2023,Balkan Championships,2023-09-21,2023-09-23,MAG and WAG,junior,International Event,,,680
Games / festivals / multi-sport events,970,2023,Asian Games,2023-09-24,2023-09-29,MAG and WAG,senior,International Event,,,811
Cups / opens / trophies / invitationals,1131,2023,Australian Classic,2023-09-24,2023-10-01,WAG,junior and senior,International Event,,,292
Cups / opens / trophies / invitationals,976,2023,Wohnen Juniors Trophy,2023-09-29,2023-09-30,MAG,junior,International Event,,,693
Cups / opens / trophies / invitationals,1125,2023,Leverkusen Cup,2023-10-14,2023-10-14,WAG,junior and senior,International Event,,,113
Cups / opens / trophies / invitationals,1154,2023,German Junior Cup,2023-10-20,2023-10-22,WAG,junior,International Event,,,340
Regional or sub-continental events,1072,2023,Mediterranean Championships,2023-10-20,2023-10-22,MAG and WAG,junior,International Event,,,273
Regional or sub-continental events,1004,2023,Pan American Games,2023-10-20,2023-11-05,MAG and WAG,senior,International Event,,,1009
Other named international meets,1123,2023,Rushmoor Rose Bowl,2023-10-21,2023-10-22,WAG,junior and senior,International Event,,,435
Cups / opens / trophies / invitationals,1090,2023,Ifact Norges Cup 3,2023-10-27,2023-10-29,MAG,junior and senior,International Event,,,323
Other named international meets,1149,2023,Norwegian FIG Meet 3,2023-10-28,2023-10-29,WAG,junior and senior,International Event,,,246
Cups / opens / trophies / invitationals,968,2023,Wase Gymcup,2023-10-28,2023-10-29,MAG and WAG,junior and senior,International Event,,,869
Cups / opens / trophies / invitationals,1001,2023,Arthur Gander Memorial,2023-11-01,2023-11-01,MAG and WAG,senior,International Event,,,74
Cups / opens / trophies / invitationals,939,2023,Mälar Cup,2023-11-03,2023-11-05,MAG and WAG,junior and senior,International Event,,,1923
Cups / opens / trophies / invitationals,1168,2023,Swiss Cup Juniors,2023-11-03,2023-11-03,WAG,junior,International Event,,,117
Cups / opens / trophies / invitationals,1056,2023,Andrea Massucchi Trophy,2023-11-04,2023-11-04,MAG,junior,International Event,,,120
Cups / opens / trophies / invitationals,1166,2023,Hungary Masters Championships,2023-11-04,2023-11-05,WAG,junior and senior,International Event,,,91
Cups / opens / trophies / invitationals,1002,2023,Swiss Cup,2023-11-05,2023-11-05,MAG and WAG,senior,International Event,,,52
Cups / opens / trophies / invitationals,965,2023,Horizon Cup,2023-11-10,2023-11-12,MAG and WAG,junior,International Event,,,839
Cups / opens / trophies / invitationals,1116,2023,Gymnova Cup,2023-11-11,2023-11-12,WAG,junior and senior,International Event,,,537
Cups / opens / trophies / invitationals,940,2023,Austrian Future Cup,2023-11-17,2023-11-18,MAG,junior,International Event,,,1030
Other named international meets,1118,2023,Tournoi International,2023-11-18,2023-11-19,WAG,junior,International Event,,,668
Preparation / test / friendly events,1053,2023,Kazan Friendly,2023-11-22,2023-11-25,MAG and WAG,junior,International Event,,,244
Regional or sub-continental events,946,2023,Northern European Championships,2023-11-24,2023-11-26,MAG and WAG,junior and senior,International Event,,,724
Games / festivals / multi-sport events,1075,2023,Olympic Hopes Cup,2023-11-24,2023-11-26,MAG and WAG,junior,International Event,,,508
Preparation / test / friendly events,1080,2023,Lenzburg Junior Friendly,2023-11-25,2023-11-25,MAG,junior,International Event,,,210
Cups / opens / trophies / invitationals,1102,2023,Sokol Grand Prix,2023-11-25,2023-11-25,MAG and WAG,senior,International Event,,,98
Other named international meets,1122,2023,Top Gym Tournament,2023-11-25,2023-11-26,WAG,junior,International Event,,,267
Preparation / test / friendly events,1018,2023,European Online Test Event,2023-12-01,2023-12-01,MAG,senior,International Event,,,49
Cups / opens / trophies / invitationals,1171,2023,Michel Wanten Cup,2023-12-02,2023-12-03,WAG,junior and senior,International Event,,,142
Cups / opens / trophies / invitationals,1265,2024,Beach Blast Invitational,2024-01-12,2024-01-14,MAG,senior,International Event,,,139
Cups / opens / trophies / invitationals,1286,2024,Houston National Invitational,2024-01-18,2024-01-21,MAG,junior and senior,International Event,,,186
Cups / opens / trophies / invitationals,1381,2024,WOGA Classic,2024-02-09,2024-02-11,WAG,junior and senior,International Event,,,45
Other named international meets,1234,2024,Elite Canada,2024-02-18,2024-02-20,MAG and WAG,junior and senior,International Event,,,1636
Cups / opens / trophies / invitationals,1206,2024,Winter Cup,2024-02-23,2024-02-25,MAG and WAG,junior and senior,International Event,,,1035
Cups / opens / trophies / invitationals,1361,2024,Polish Cup,2024-02-29,2024-02-29,WAG,junior and senior,International Event,,,90
Cups / opens / trophies / invitationals,1278,2024,Tiger Cup,2024-02-29,2024-03-02,MAG and WAG,junior and senior,International Event,,,744
Other named international meets,1309,2024,European Online Series,2024-03-01,2024-03-01,MAG,senior,International Event,,,87
Cups / opens / trophies / invitationals,1252,2024,Iceland Classic,2024-03-01,2024-03-03,MAG and WAG,junior and senior,International Event,,,591
Other named international meets,1340,2024,International Gymnix,2024-03-06,2024-03-10,WAG,junior and senior,International Event,,,445
Cups / opens / trophies / invitationals,1188,2024,DTB Pokal Team Challenge,2024-03-15,2024-03-17,MAG and WAG,junior and senior,International Event,,,1256
Cups / opens / trophies / invitationals,1202,2024,Unni & Haralds Trophy,2024-03-16,2024-03-17,MAG and WAG,junior and senior,International Event,,,858
Cups / opens / trophies / invitationals,1336,2024,DTB Pokal Mixed Cup,2024-03-17,2024-03-17,MAG and WAG,senior,International Event,,,66
Cups / opens / trophies / invitationals,1264,2024,Grizzly Classic,2024-03-21,2024-03-24,MAG,junior,International Event,,,101
Cups / opens / trophies / invitationals,1221,2024,International Junior Team Cup,2024-03-21,2024-03-24,MAG,junior,International Event,,,985
Preparation / test / friendly events,1235,2024,Antalya Friendly,2024-03-22,2024-03-22,MAG,senior,International Event,,,137
Other named international meets,1256,2024,European Online Series 2,2024-03-22,2024-03-22,MAG,senior,International Event,,,145
Other named international meets,1183,2024,International GymSport,2024-03-23,2024-03-24,MAG and WAG,junior and senior,International Event,,,824
Other named international meets,1355,2024,U.S. Selection Meet,2024-04-02,2024-04-02,WAG,junior and senior,International Event,,,100
Games / festivals / multi-sport events,1259,2024,Bolivarian Youth Games,2024-04-04,2024-04-14,MAG and WAG,junior,International Event,,,279
Regional or sub-continental events,1182,2024,Nordic Championships,2024-04-05,2024-04-07,MAG and WAG,junior and senior,International Event,,,863
Preparation / test / friendly events,1277,2024,Ravenna Junior Friendly,2024-04-05,2024-04-05,MAG,junior,International Event,,,208
Preparation / test / friendly events,1375,2024,Magglingen Junior Friendly,2024-04-06,2024-04-06,WAG,junior,International Event,,,117
Cups / opens / trophies / invitationals,1359,2024,Rising Stars Trophy,2024-04-06,2024-04-07,WAG,junior,International Event,,,192
Cups / opens / trophies / invitationals,1328,2024,Ifact Norges Cup,2024-04-12,2024-04-12,MAG,junior and senior,International Event,,,215
Cups / opens / trophies / invitationals,1217,2024,Luxembourg Open,2024-04-12,2024-04-13,MAG and WAG,junior and senior,International Event,,,585
Cups / opens / trophies / invitationals,1356,2024,Elek Matolay Memorial,2024-04-13,2024-04-14,WAG,junior and senior,International Event,,,583
Other named international meets,1255,2024,European Online Series 3,2024-04-13,2024-04-13,MAG,senior,International Event,,,108
Other named international meets,1368,2024,Norwegian FIG Meet,2024-04-13,2024-04-13,WAG,junior and senior,International Event,,,236
Cups / opens / trophies / invitationals,1211,2024,Rheintal Cup,2024-04-13,2024-04-14,MAG,junior and senior,International Event,,,376
Cups / opens / trophies / invitationals,1363,2024,Zelena Jama Open,2024-04-13,2024-04-13,WAG,junior,International Event,,,148
Cups / opens / trophies / invitationals,1354,2024,City of Jesolo Trophy,2024-04-20,2024-04-21,WAG,junior and senior,International Event,,,508
Regional or sub-continental events,1190,2024,Pacific Rim Championships,2024-04-21,2024-04-28,MAG and WAG,junior and senior,International Event,,,863
Cups / opens / trophies / invitationals,1353,2024,American Classic,2024-04-25,2024-04-28,WAG,junior and senior,International Event,,,175
Cups / opens / trophies / invitationals,1349,2024,Hopes Classic,2024-04-25,2024-04-28,WAG,junior,International Event,,,192
Cups / opens / trophies / invitationals,1270,2024,NHK Trophy,2024-05-16,2024-05-19,MAG and WAG,junior and senior,International Event,,,598
Cups / opens / trophies / invitationals,1352,2024,U.S. Classic,2024-05-17,2024-05-18,WAG,junior and senior,International Event,,,297
Cups / opens / trophies / invitationals,1325,2024,Ifact Norges Cup 2,2024-05-31,2024-05-31,MAG,junior and senior,International Event,,,190
Cups / opens / trophies / invitationals,1232,2024,Singapore Open,2024-05-31,2024-06-02,MAG and WAG,junior and senior,International Event,,,757
Cups / opens / trophies / invitationals,1199,2024,Salamunov Memorial,2024-06-05,2024-06-09,MAG and WAG,junior and senior,International Event,,,743
Cups / opens / trophies / invitationals,1316,2024,Brazil Trophy,2024-06-21,2024-06-23,MAG and WAG,junior and senior,International Event,,,389
Preparation / test / friendly events,1305,2024,Rüsselsheim Junior Friendly,2024-06-22,2024-06-22,MAG,junior,International Event,,,104
Cups / opens / trophies / invitationals,1215,2024,RomGym Trophy,2024-06-28,2024-06-30,MAG and WAG,senior,International Event,,,295
Preparation / test / friendly events,1300,2024,Troyes Friendly,2024-06-29,2024-06-29,MAG,senior,International Event,,,162
Preparation / test / friendly events,1379,2024,Haguenau Friendly,2024-07-06,2024-07-06,WAG,senior,International Event,,,66
Preparation / test / friendly events,1245,2024,Madrid Friendly,2024-07-06,2024-07-06,MAG,senior,International Event,,,76
Cups / opens / trophies / invitationals,1280,2024,Russian Cup,2024-07-29,2024-08-05,MAG and WAG,junior and senior,International Event,,,601
Cups / opens / trophies / invitationals,1279,2024,Belarus Open Cup,2024-08-26,2024-08-31,MAG and WAG,junior and senior,International Event,,,922
Regional or sub-continental events,1302,2024,Balkan Championships,2024-09-19,2024-09-21,MAG and WAG,junior,International Event,,,662
Regional or sub-continental events,1184,2024,Northern European Championships,2024-09-21,2024-09-22,MAG and WAG,junior and senior,International Event,,,722
Other named international meets,1369,2024,Norwegian FIG Meet 2,2024-09-28,2024-09-29,WAG,junior and senior,International Event,,,203
Cups / opens / trophies / invitationals,1179,2024,Wohnen Juniors Trophy,2024-10-11,2024-10-13,MAG,junior,International Event,,,918
Cups / opens / trophies / invitationals,1364,2024,Leverkusen Cup,2024-10-12,2024-10-12,WAG,junior and senior,International Event,,,123
Regional or sub-continental events,1243,2024,South American Championships,2024-10-18,2024-10-20,MAG and WAG,senior,International Event,,,549
Cups / opens / trophies / invitationals,1294,2024,Brandenburg Cup,2024-10-19,2024-10-20,MAG,senior,International Event,,,61
Cups / opens / trophies / invitationals,1367,2024,German Cup,2024-10-19,2024-10-20,WAG,junior,International Event,,,339
Games / festivals / multi-sport events,1200,2024,Gymnasiade,2024-10-23,2024-10-31,MAG and WAG,junior,International Event,,,595
Other named international meets,1337,2024,Rushmoor Rose Bowl,2024-10-26,2024-10-27,WAG,junior and senior,International Event,,,525
Cups / opens / trophies / invitationals,1204,2024,Wase Gymcup,2024-10-26,2024-10-27,MAG and WAG,junior and senior,International Event,,,888
Cups / opens / trophies / invitationals,1214,2024,Mälar Cup,2024-10-31,2024-11-03,MAG and WAG,junior and senior,International Event,,,1381
Preparation / test / friendly events,1372,2024,Köln Espoir Friendly,2024-11-02,2024-11-02,WAG,junior,International Event,,,113
Other named international meets,1371,2024,Norwegian FIG Meet 3,2024-11-02,2024-11-03,WAG,junior and senior,International Event,,,147
Cups / opens / trophies / invitationals,1330,2024,Arthur Gander Memorial,2024-11-06,2024-11-06,MAG and WAG,senior,International Event,,,62
Cups / opens / trophies / invitationals,1283,2024,Swiss Cup Juniors,2024-11-08,2024-11-08,MAG,junior,International Event,,,124
Cups / opens / trophies / invitationals,1358,2024,Gymnova Cup,2024-11-09,2024-11-10,WAG,junior and senior,International Event,,,456
Cups / opens / trophies / invitationals,1249,2024,Horizon Cup,2024-11-09,2024-11-10,MAG and WAG,junior,International Event,,,997
Cups / opens / trophies / invitationals,1329,2024,Swiss Cup,2024-11-09,2024-11-09,MAG and WAG,senior,International Event,,,52
Other named international meets,1343,2024,Tournoi International,2024-11-09,2024-11-10,WAG,junior,International Event,,,506
Explicit International Event overrides,1223,2024,Platinum League Online,2024-11-21,2024-11-23,MAG and WAG,junior and senior,International Event,,,154
Cups / opens / trophies / invitationals,1180,2024,Austrian Future Cup,2024-11-22,2024-11-23,MAG,junior,International Event,,,1121
Preparation / test / friendly events,1284,2024,Chemnitz Junior Friendly,2024-11-23,2024-11-23,MAG,junior,International Event,,,199
Regional or sub-continental events,1258,2024,South American Junior Championships,2024-11-25,2024-12-01,MAG and WAG,junior,International Event,,,517
Cups / opens / trophies / invitationals,1275,2024,Baborka Cup,2024-11-29,2024-12-01,MAG and WAG,junior and senior,International Event,,,238
Games / festivals / multi-sport events,1205,2024,Olympic Hopes Cup,2024-11-29,2024-12-01,MAG and WAG,junior,International Event,,,628
Cups / opens / trophies / invitationals,1318,2024,Sokol Grand Prix,2024-11-30,2024-11-30,MAG and WAG,senior,International Event,,,96
Cups / opens / trophies / invitationals,1282,2024,Voronin Cup,2024-12-06,2024-12-08,MAG and WAG,junior and senior,International Event,,,646
Cups / opens / trophies / invitationals,1376,2024,Michel Wanten Cup,2024-12-07,2024-12-08,WAG,junior and senior,International Event,,,181
Cups / opens / trophies / invitationals,1276,2024,Christmas Cup,2024-12-13,2024-12-13,MAG and WAG,junior and senior,International Event,,,87
Regional or sub-continental events,1191,2024,Mediterranean Championships,2024-12-16,2024-12-18,MAG and WAG,junior,International Event,,,531
Cups / opens / trophies / invitationals,1499,2025,Houston National Invitational,2025-01-23,2025-01-26,MAG,senior,International Event,,,39
Other named international meets,1468,2025,Elite Canada,2025-02-14,2025-02-16,MAG and WAG,junior and senior,International Event,,,1458
Cups / opens / trophies / invitationals,1518,2025,Liukin Invitational,2025-02-21,2025-02-23,MAG,junior and senior,International Event,,,99
Cups / opens / trophies / invitationals,1586,2025,WOGA Classic,2025-02-21,2025-02-23,WAG,junior and senior,International Event,,,108
Cups / opens / trophies / invitationals,1433,2025,Winter Cup,2025-02-21,2025-02-23,MAG and WAG,junior and senior,International Event,,,982
Cups / opens / trophies / invitationals,1460,2025,Tiger Cup,2025-02-27,2025-03-01,MAG and WAG,junior and senior,International Event,,,655
Cups / opens / trophies / invitationals,1529,2025,Iceland Classic,2025-02-28,2025-03-01,MAG and WAG,junior and senior,International Event,,,506
Other named international meets,1550,2025,International Gymnix,2025-03-07,2025-03-09,WAG,junior and senior,International Event,,,559
Cups / opens / trophies / invitationals,1568,2025,Polish Cup,2025-03-13,2025-03-14,WAG,junior and senior,International Event,,,169
Other named international meets,1590,2025,Norwegian FIG Meet,2025-03-15,2025-03-16,WAG,senior,International Event,,,133
Cups / opens / trophies / invitationals,1399,2025,DTB Pokal Team Challenge,2025-03-27,2025-03-30,MAG and WAG,junior and senior,International Event,,,1433
Cups / opens / trophies / invitationals,1510,2025,DTB Pokal Mixed Cup,2025-03-29,2025-03-29,MAG and WAG,senior,International Event,,,66
Cups / opens / trophies / invitationals,1511,2025,Hanspeter Demetz Memorial,2025-03-29,2025-03-29,MAG and WAG,junior,International Event,,,189
Cups / opens / trophies / invitationals,1535,2025,Ifact Norgescup,2025-03-29,2025-03-30,MAG,junior and senior,International Event,,,216
Other named international meets,1486,2025,Gymnastics Legends,2025-03-30,2025-04-04,MAG and WAG,junior and senior,International Event,,,636
Cups / opens / trophies / invitationals,1492,2025,Unni & Haralds Trophy,2025-04-04,2025-04-06,MAG and WAG,junior and senior,International Event,,,695
Cups / opens / trophies / invitationals,1563,2025,Elek Matolay Memorial,2025-04-05,2025-04-06,WAG,junior and senior,International Event,,,576
Cups / opens / trophies / invitationals,1578,2025,Zelena Jama Open,2025-04-05,2025-04-06,WAG,junior and senior,International Event,,,256
Games / festivals / multi-sport events,1385,2025,Gymnasiade,2025-04-06,2025-04-07,MAG and WAG,junior,International Event,,,333
Cups / opens / trophies / invitationals,1551,2025,City of Jesolo Trophy,2025-04-12,2025-04-13,WAG,junior and senior,International Event,,,549
Other named international meets,1394,2025,International GymSport,2025-04-12,2025-04-13,MAG and WAG,junior and senior,International Event,,,840
Cups / opens / trophies / invitationals,1412,2025,Luxembourg Open,2025-04-17,2025-04-18,MAG and WAG,junior and senior,International Event,,,717
Cups / opens / trophies / invitationals,1487,2025,Russian Cup,2025-04-22,2025-04-27,MAG and WAG,senior,International Event,,,1293
Cups / opens / trophies / invitationals,1459,2025,Latvian Cup,2025-04-25,2025-04-26,MAG and WAG,junior and senior,International Event,,,522
Cups / opens / trophies / invitationals,1491,2025,Ifact Norgescup 2,2025-04-26,2025-04-26,MAG,junior and senior,International Event,,,301
Other named international meets,1579,2025,Norwegian FIG Meet 2,2025-05-03,2025-05-04,WAG,junior and senior,International Event,,,174
Cups / opens / trophies / invitationals,1599,2025,Pre-Olympic Youth Cup,2025-05-03,2025-05-03,WAG,junior,International Event,,,155
Cups / opens / trophies / invitationals,1544,2025,Brazil Trophy,2025-05-07,2025-05-11,MAG and WAG,junior and senior,International Event,,,332
Preparation / test / friendly events,1566,2025,Saint-Étienne Friendly,2025-05-07,2025-05-07,WAG,senior,International Event,,,29
Preparation / test / friendly events,1596,2025,Magglingen Friendly,2025-05-10,2025-05-10,WAG,senior,International Event,,,47
Preparation / test / friendly events,1562,2025,Prievidza Friendly,2025-05-10,2025-05-10,WAG,junior and senior,International Event,,,209
Cups / opens / trophies / invitationals,1435,2025,International Junior Team Cup,2025-05-16,2025-05-17,MAG,junior,International Event,,,1022
Cups / opens / trophies / invitationals,1478,2025,NHK Trophy,2025-05-16,2025-05-18,MAG and WAG,junior and senior,International Event,,,607
Games / festivals / multi-sport events,1541,2025,Games of the Small States,2025-05-27,2025-05-31,MAG and WAG,junior and senior,International Event,,,280
Cups / opens / trophies / invitationals,1514,2025,Singapore Open,2025-05-29,2025-06-01,MAG and WAG,junior and senior,International Event,,,510
Cups / opens / trophies / invitationals,1483,2025,Salamunov Memorial,2025-06-04,2025-06-08,MAG and WAG,junior and senior,International Event,,,1192
Regional or sub-continental events,1386,2025,Nordic Junior Championships,2025-06-05,2025-06-08,MAG and WAG,junior,International Event,,,666
Cups / opens / trophies / invitationals,1417,2025,Champion's Cup,2025-06-06,2025-06-08,MAG and WAG,junior and senior,International Event,,,1723
Other named international meets,1469,2025,Russian Youth Spartakiade,2025-06-25,2025-06-29,MAG and WAG,junior,International Event,,,1365
Cups / opens / trophies / invitationals,1571,2025,Hopes Classic,2025-06-27,2025-06-27,WAG,junior,International Event,,,255
Cups / opens / trophies / invitationals,1558,2025,American Classic,2025-06-28,2025-06-28,WAG,junior and senior,International Event,,,253
Preparation / test / friendly events,1517,2025,Givet Friendly,2025-06-28,2025-06-28,MAG,senior,International Event,,,132
Preparation / test / friendly events,1589,2025,Sens Junior Friendly,2025-06-28,2025-06-28,WAG,junior,International Event,,,102
Cups / opens / trophies / invitationals,1465,2025,Strongest Athletes Cup,2025-07-03,2025-07-06,MAG and WAG,junior and senior,International Event,,,544
Preparation / test / friendly events,1497,2025,Biel Junior Friendly,2025-07-05,2025-07-05,MAG,junior,International Event,,,186
Preparation / test / friendly events,1494,2025,EYOF Preparation Event,2025-07-09,2025-07-09,MAG and WAG,junior,International Event,,,166
Games / festivals / multi-sport events,1530,2025,Island Games,2025-07-12,2025-07-18,MAG and WAG,junior and senior,International Event,,,599
Games / festivals / multi-sport events,1390,2025,World University Games,2025-07-16,2025-07-27,MAG and WAG,senior,International Event,,,1435
Cups / opens / trophies / invitationals,1556,2025,U.S. Classic,2025-07-18,2025-07-19,WAG,junior and senior,International Event,,,311
Other named international meets,1542,2025,EYOF Mixed Pairs,2025-07-20,2025-07-26,MAG and WAG,junior,International Event,,,56
Games / festivals / multi-sport events,1463,2025,European Youth Olymipc Festival,2025-07-20,2025-07-26,MAG,junior,International Event,,,615
Games / festivals / multi-sport events,1569,2025,European Youth Olympic Festival,2025-07-20,2025-07-26,WAG,junior,International Event,,,635
Regional or sub-continental events,1398,2025,Junior Pan American Games,2025-08-19,2025-08-22,MAG and WAG,junior,International Event,,,726
Cups / opens / trophies / invitationals,1403,2025,Pharaoh's Cup,2025-09-18,2025-09-21,MAG and WAG,junior and senior,International Event,,,478
Other named international meets,1583,2025,Norwegian FIG Meet 3,2025-10-04,2025-10-05,WAG,junior and senior,International Event,,,136
Preparation / test / friendly events,1461,2025,Worlds Preparation Event,2025-10-04,2025-10-04,MAG and WAG,senior,International Event,,,68
Regional or sub-continental events,1402,2025,Mediterranean Championships,2025-10-05,2025-10-07,MAG and WAG,junior,International Event,,,628
Cups / opens / trophies / invitationals,1400,2025,Wohnen Juniors Trophy,2025-10-10,2025-10-12,MAG,junior,International Event,,,939
Cups / opens / trophies / invitationals,1526,2025,Lausitz Cup,2025-10-11,2025-10-11,MAG,senior,International Event,,,88
Regional or sub-continental events,1488,2025,Central American Games,2025-10-15,2025-10-27,MAG and WAG,senior,International Event,,,210
Regional or sub-continental events,1389,2025,Northern European Championships,2025-10-24,2025-10-26,MAG and WAG,junior and senior,International Event,,,586
Other named international meets,1552,2025,Rushmoor Rose Bowl,2025-10-25,2025-10-26,WAG,junior and senior,International Event,,,536
Cups / opens / trophies / invitationals,1415,2025,Wase Gymcup,2025-10-25,2025-10-26,MAG and WAG,junior and senior,International Event,,,806
Cups / opens / trophies / invitationals,1426,2025,Mälar Cup,2025-10-30,2025-11-02,MAG and WAG,junior and senior,International Event,,,1335
Cups / opens / trophies / invitationals,1504,2025,German Cup,2025-11-01,2025-11-02,MAG and WAG,junior,International Event,,,575
Preparation / test / friendly events,1587,2025,Kutu Espoir Friendly,2025-11-01,2025-11-01,WAG,junior,International Event,,,117
Other named international meets,1574,2025,Tournoi International,2025-11-01,2025-11-02,WAG,junior,International Event,,,522
Regional or sub-continental events,1464,2025,Balkan Championships,2025-11-04,2025-11-06,MAG and WAG,junior,International Event,,,1022
Cups / opens / trophies / invitationals,1533,2025,Arthur Gander Memorial,2025-11-05,2025-11-05,MAG and WAG,senior,International Event,,,67
Cups / opens / trophies / invitationals,1471,2025,Horizon Cup,2025-11-07,2025-11-09,MAG and WAG,junior,International Event,,,903
Regional or sub-continental events,1449,2025,South American Championships,2025-11-07,2025-11-09,MAG and WAG,junior and senior,International Event,,,1112
Cups / opens / trophies / invitationals,1553,2025,Gymnova Cup,2025-11-08,2025-11-09,WAG,junior and senior,International Event,,,551
Cups / opens / trophies / invitationals,1482,2025,Barborka Cup,2025-11-22,2025-11-23,MAG and WAG,junior and senior,International Event,,,303
Cups / opens / trophies / invitationals,1496,2025,Voronin Cup,2025-11-24,2025-11-25,MAG and WAG,junior and senior,International Event,,,713
Games / festivals / multi-sport events,1450,2025,Bolivarian Games,2025-11-27,2025-11-29,MAG and WAG,senior,International Event,,,465
Games / festivals / multi-sport events,1436,2025,Olympic Hopes Cup,2025-11-28,2025-11-30,MAG and WAG,junior,International Event,,,455
Preparation / test / friendly events,1484,2025,Rotterdam Friendly,2025-11-29,2025-11-29,MAG and WAG,junior and senior,International Event,,,167
Cups / opens / trophies / invitationals,1515,2025,Sokol Grand Prix,2025-11-29,2025-11-29,MAG and WAG,senior,International Event,,,83
Other named international meets,1597,2025,Top Gym Tournament,2025-11-29,2025-11-30,WAG,junior,International Event,,,140
Regional or sub-continental events,1408,2025,Southeast Asian Games,2025-12-09,2025-12-11,MAG and WAG,senior,International Event,,,180
Cups / opens / trophies / invitationals,1622,2026,West Point Open,2026-01-16,2026-01-16,MAG,junior and senior,International Event,,,229
Cups / opens / trophies / invitationals,1668,2026,Rocky Mountain Open,2026-01-17,2026-01-17,MAG,senior,International Event,,,192
Cups / opens / trophies / invitationals,1627,2026,Ohio State Open,2026-01-18,2026-01-18,MAG,senior,International Event,,,121
Cups / opens / trophies / invitationals,1674,2026,Sam Mikulak Invitational,2026-01-24,2026-01-24,MAG,senior,International Event,,,115
Cups / opens / trophies / invitationals,1690,2026,Stanford Open,2026-01-24,2026-01-24,MAG,senior,International Event,,,93
Cups / opens / trophies / invitationals,1694,2026,Houston National Invitational,2026-01-28,2026-02-01,MAG,senior,International Event,,,43
Other named international meets,1657,2026,Elite Canada,2026-02-06,2026-02-08,MAG and WAG,junior and senior,International Event,,,1464
Cups / opens / trophies / invitationals,1697,2026,Liukin Invitational,2026-02-20,2026-02-22,MAG,senior,International Event,,,68
Cups / opens / trophies / invitationals,1631,2026,Winter Cup,2026-02-20,2026-02-22,MAG and WAG,junior and senior,International Event,,,760
Cups / opens / trophies / invitationals,1663,2026,Tiger Cup,2026-03-05,2026-03-07,MAG and WAG,junior and senior,International Event,,,670
Other named international meets,1698,2026,International Gymnix,2026-03-06,2026-03-08,WAG,junior and senior,International Event,,,438
Cups / opens / trophies / invitationals,1691,2026,American Cup,2026-03-07,2026-03-07,MAG and WAG,senior,International Event,,,72
Cups / opens / trophies / invitationals,1617,2026,DTB Pokal Team Challenge,2026-03-19,2026-03-22,MAG and WAG,junior and senior,International Event,,,1354
Cups / opens / trophies / invitationals,1676,2026,Unni & Haralds Trophy,2026-03-20,2026-03-22,MAG and WAG,junior and senior,International Event,,,754
Cups / opens / trophies / invitationals,1658,2026,DTB Pokal Mixed Cup,2026-03-21,2026-03-21,MAG and WAG,senior,International Event,,,60
Cups / opens / trophies / invitationals,1703,2026,City of Jesolo Trophy,2026-03-27,2026-03-29,WAG,junior and senior,International Event,,,571
Cups / opens / trophies / invitationals,1638,2026,Luxembourg Open,2026-04-02,2026-04-05,MAG and WAG,junior and senior,International Event,,,1045
Regional or sub-continental events,1689,2026,South American Youth Games,2026-04-12,2026-04-25,MAG and WAG,junior,International Event,,,515
Cups / opens / trophies / invitationals,1685,2026,Hanspeter Demetz Memorial,2026-04-18,2026-04-18,MAG and WAG,junior,International Event,,,889
Cups / opens / trophies / invitationals,1660,2026,Russian Cup,2026-04-21,2026-04-26,MAG and WAG,senior,International Event,,,1572
Cups / opens / trophies / invitationals,1647,2026,International Budapest Junior Cup,2026-04-25,2026-04-26,MAG,junior,International Event,,,852
Other named international meets,1662,2026,International GymSport,2026-04-25,2026-04-26,MAG and WAG,junior and senior,International Event,,,835
Other named international meets,1714,2026,Norwegian FIG Meet 1,2026-04-25,2026-04-26,WAG,junior and senior,International Event,,,207
Cups / opens / trophies / invitationals,1718,2026,Pre-Olympic Youth Cup,2026-05-02,2026-05-02,WAG,junior,International Event,,,388
Cups / opens / trophies / invitationals,1688,2026,Brazil Trophy,2026-05-08,2026-05-10,MAG and WAG,junior and senior,International Event,,,349
Cups / opens / trophies / invitationals,1693,2026,AGF Trophy,2026-05-14,2026-05-16,MAG and WAG,junior and senior,International Event,,,363
Cups / opens / trophies / invitationals,1671,2026,NHK Trophy,2026-05-14,2026-05-17,MAG and WAG,junior and senior,International Event,,,706
Cups / opens / trophies / invitationals,1641,2026,Champion's Cup,2026-05-29,2026-05-31,MAG and WAG,junior and senior,International Event,,,1909
Cups / opens / trophies / invitationals,1640,2026,Singapore Open,2026-06-03,2026-06-07,MAG and WAG,junior and senior,International Event,,,640
Other named international meets,1715,2026,Norwegian FIG Meet 2,2026-06-06,2026-06-07,WAG,junior and senior,International Event,,,206
Cups / opens / trophies / invitationals,1651,2026,Salamunov Memorial,2026-06-09,2026-06-13,MAG and WAG,junior and senior,International Event,,,1471
Cups / opens / trophies / invitationals,1706,2026,Elek Matolay Memorial,2026-06-19,2026-06-21,WAG,junior and senior,International Event,,,573
Cups / opens / trophies / invitationals,1705,2026,American Classic,2026-06-27,2026-06-27,WAG,junior and senior,International Event,,,156
Cups / opens / trophies / invitationals,1652,2026,International Junior Team Cup,2026-07-02,2026-07-04,MAG,junior,International Event,,,1001
Cups / opens / trophies / invitationals,1720,2026,U.S. Classic,2026-07-16,2026-07-20,MAG and WAG,junior and senior,International Event,,,0
Preparation / test / friendly events,1721,2026,Dortmund Junior Friendly,2026-07-18,2026-07-18,MAG and WAG,junior,International Event,,,0
Regional or sub-continental events,1724,2026,Commonwealth Games,2026-07-23,2026-08-02,MAG and WAG,junior and senior,International Event,,,0
Regional or sub-continental events,1725,2026,Central American & Caribbean Games,2026-07-24,2026-08-08,MAG and WAG,junior and senior,International Event,,,0
Regional or sub-continental events,1733,2026,Mediterranean Games,2026-08-22,2026-08-26,MAG and WAG,junior and senior,International Event,,,0
Regional or sub-continental events,1734,2026,South American Games,2026-09-12,2026-09-26,MAG and WAG,junior and senior,International Event,,,0
Cups / opens / trophies / invitationals,1735,2026,Szombathely Challenge Cup,2026-09-18,2026-09-20,MAG and WAG,junior and senior,International Event,,,0
Cups / opens / trophies / invitationals,1738,2026,Paris Challenge Cup,2026-09-26,2026-09-27,MAG and WAG,junior and senior,International Event,,,0
Cups / opens / trophies / invitationals,1741,2026,Leverkusen Cup,2026-10-03,2026-10-03,MAG and WAG,junior and senior,International Event,,,0
Calendar-only international entries,1742,2026,Norwegian FIG Meet 3,2026-10-03,2026-10-04,MAG and WAG,junior and senior,International Event,,,0
Cups / opens / trophies / invitationals,1743,2026,Polish Cup,2026-10-04,2026-10-06,MAG and WAG,junior and senior,International Event,,,0
Cups / opens / trophies / invitationals,1744,2026,Ifact Norges Cup 3,2026-10-10,2026-10-11,MAG and WAG,junior and senior,International Event,,,0
Cups / opens / trophies / invitationals,1745,2026,German Cup,2026-10-17,2026-10-18,MAG and WAG,junior and senior,International Event,,,0
Cups / opens / trophies / invitationals,1748,2026,German Men's Cup,2026-10-31,2026-11-01,MAG and WAG,junior and senior,International Event,,,0
Cups / opens / trophies / invitationals,1750,2026,Arthur Gander Memorial,2026-11-04,2026-11-04,MAG and WAG,junior and senior,International Event,,,0
Cups / opens / trophies / invitationals,1752,2026,Swiss Cup,2026-11-07,2026-11-07,MAG and WAG,junior and senior,International Event,,,0
Regional or sub-continental events,1754,2026,Northern European Championships,2026-11-12,2026-11-15,MAG and WAG,junior and senior,International Event,,,0
Cups / opens / trophies / invitationals,1756,2026,Barborka Cup,2026-11-20,2026-11-22,MAG and WAG,junior and senior,International Event,,,0
Cups / opens / trophies / invitationals,1758,2026,Voronin Cup,2026-11-22,2026-11-26,MAG and WAG,junior and senior,International Event,,,0
Games / festivals / multi-sport events,1759,2026,Olympic Hopes Cup,2026-11-26,2026-11-29,MAG and WAG,junior and senior,International Event,,,0
Cups / opens / trophies / invitationals,1760,2026,Sokol Grand Prix,2026-11-28,2026-11-28,MAG and WAG,junior and senior,International Event,,,0
Other named international meets,225,2019,Elite Canada,,,MAG and WAG,junior and senior,International Event,,,819
Other named international meets,554,2021,Elite Canada,,,MAG and WAG,junior and senior,International Event,,,850
Cups / opens / trophies / invitationals,595,2021,Polish Junior Cup,,,MAG and WAG,junior,International Event,,,177
Cups / opens / trophies / invitationals,691,2021,RomGym Trophy,,,WAG,senior,International Event,,,16
Cups / opens / trophies / invitationals,979,2023,Swedish Cup,,,MAG and WAG,junior and senior,International Event,,,322
